"Time (s)","Linear Acceleration x (m/s^2)","Linear Acceleration y (m/s^2)","Linear Acceleration z (m/s^2)","Absolute acceleration (m/s^2)"
1.050516700E-2,0.000000000E0,0.000000000E0,0.000000000E0,0.000000000E0
1.510641700E-2,2.413600683E-3,2.115964890E-6,9.572029114E-3,9.871636850E-3
1.980136500E-2,1.380443573E-4,3.193676472E-3,-4.782676697E-3,5.752618711E-3
2.449626100E-2,-1.679450274E-3,4.191964865E-3,-1.794338226E-2,1.850292111E-2
2.919110500E-2,-1.489251852E-3,5.314379930E-3,-2.392768860E-2,2.455595217E-2
3.388600100E-2,6.653130054E-3,1.240703464E-2,1.794433594E-2,2.280784602E-2
3.858084400E-2,-6.565004587E-3,2.499327064E-2,2.358531952E-2,3.498614239E-2
4.327574000E-2,2.644002438E-3,5.146667361E-3,-1.076698303E-2,1.222320978E-2
4.797063600E-2,-8.397221565E-3,-1.243835688E-2,-2.020740509E-2,2.517072252E-2
5.266553200E-2,-3.365129232E-3,1.034405828E-2,1.842117310E-2,2.139306557E-2
5.736037600E-2,7.856488228E-3,1.373164356E-2,8.045196533E-3,1.774845428E-2
6.205527100E-2,-5.866378546E-3,8.203029633E-3,-5.784034729E-3,1.162579675E-2
6.675011500E-2,-5.427807570E-3,7.549047470E-3,-1.859188080E-2,2.078718943E-2
7.144501100E-2,6.029605865E-3,2.570018172E-3,9.398460388E-3,1.145828076E-2
7.613990700E-2,1.008075476E-2,3.143560886E-2,-6.860733032E-3,3.371778135E-2
8.083475100E-2,1.397703588E-2,1.601527631E-2,1.151466370E-2,2.417507161E-2
8.552964600E-2,-7.099896669E-3,1.507653296E-2,6.333351135E-3,1.782755495E-2
9.022454200E-2,-2.173125744E-3,6.575286388E-4,-2.791595459E-2,2.800812989E-2
9.491938600E-2,-1.111233234E-2,1.644061506E-2,-1.284694672E-2,2.363941187E-2
9.961428200E-2,-1.281595230E-2,-3.173351288E-4,2.871227264E-2,3.144429893E-2
1.043091780E-1,-7.660984993E-3,1.112262905E-2,4.556655884E-3,1.425365500E-2
1.090040210E-1,-2.758443356E-3,6.107330322E-3,2.066612244E-3,7.012801122E-3
1.136989170E-1,4.241228104E-3,3.502696753E-3,1.113033295E-2,1.241536193E-2
1.183938130E-1,1.730293036E-3,2.399896085E-2,-7.678985596E-3,2.525689719E-2
1.230886570E-1,-5.244106054E-3,1.615178585E-2,-7.371902466E-3,1.851285446E-2
1.277835530E-1,-1.195934415E-2,-5.427449942E-4,-1.169013977E-2,1.673259850E-2
1.324784490E-1,-6.921917200E-3,8.725687861E-3,-4.345893860E-3,1.195564134E-2
1.371732920E-1,2.334713936E-4,1.496106386E-3,9.654045105E-3,9.772073992E-3
1.418681880E-1,-4.381686449E-3,-8.616298437E-4,2.390861511E-3,5.065352988E-3
1.465630840E-1,9.628117085E-3,-2.858476341E-2,4.624366760E-3,3.051514551E-2
1.512579280E-1,1.284480095E-5,-2.158254385E-3,-2.472877502E-3,3.282278191E-3
1.559528240E-1,2.289623022E-3,-1.596811414E-2,-1.398563385E-2,2.134996480E-2
1.606477190E-1,-4.727780819E-3,-8.545935154E-3,1.660251617E-2,1.926209912E-2
1.653425630E-1,-6.897598505E-3,-1.061286032E-2,-1.407718658E-2,1.893084392E-2
1.700374590E-1,-2.064287663E-3,-2.428130805E-2,-6.701469421E-3,2.527356122E-2
1.747323030E-1,1.423653960E-2,-1.659668982E-2,-6.515502930E-3,2.281624315E-2
1.794271990E-1,1.381003857E-2,-2.781233191E-2,2.970695496E-3,3.119403795E-2
1.841220940E-1,-9.836882353E-3,-1.542849839E-2,-8.755683899E-3,2.028459557E-2
1.888169380E-1,-9.569615126E-3,-1.969312131E-2,2.410984039E-2,3.256809734E-2
1.935118340E-1,1.629151404E-2,-7.532343268E-3,1.184177399E-2,2.150295877E-2
1.982067300E-1,4.180699587E-3,6.689324975E-3,-7.122039795E-3,1.062773581E-2
2.029015740E-1,1.731902361E-3,1.861810684E-3,-1.396083832E-2,1.419051907E-2
2.075964690E-1,-7.587850094E-3,-2.851635218E-3,-1.129627228E-2,1.390370669E-2
2.122913650E-1,1.364496350E-2,-1.447559893E-2,-4.024505615E-3,2.029592666E-2
2.169862090E-1,3.204479814E-2,-2.451449633E-3,7.762908936E-3,3.306268967E-2
2.216811050E-1,1.492197812E-2,1.167722046E-2,-8.790016174E-3,2.088749130E-2
2.263760010E-1,2.909332514E-3,-4.961133003E-3,3.107070923E-3,6.536891163E-3
2.310708440E-1,7.493376732E-3,-4.854306579E-3,-2.976036072E-2,3.107079106E-2
2.357657400E-1,1.673153043E-2,-2.408519387E-3,3.664016724E-3,1.729653418E-2
2.404605840E-1,1.172211766E-2,1.637423038E-2,2.000617981E-2,2.838610036E-2
2.451554800E-1,1.382400095E-2,1.136556268E-2,-3.903388977E-2,4.294093115E-2
2.498503760E-1,-5.368888378E-4,1.349800825E-2,1.334667206E-2,1.898994817E-2
2.545452190E-1,-5.402266979E-4,3.856107593E-3,1.544284821E-2,1.592617253E-2
2.592401150E-1,-7.617831230E-3,6.165310740E-3,-4.355621338E-2,4.464511320E-2
2.639350110E-1,1.932382584E-3,3.707394004E-3,6.295681000E-2,6.309547367E-2
2.686298550E-1,-7.488727570E-3,2.479626238E-2,-8.668899536E-3,2.731456549E-2
2.733247510E-1,6.760776043E-3,-3.843918443E-3,-4.377937317E-2,4.446478738E-2
2.780196460E-1,1.376925409E-2,-1.478478312E-3,6.985187531E-2,7.121139473E-2
2.827144900E-1,-7.592797279E-3,5.635544658E-3,-2.777290344E-2,2.933844065E-2
2.874093860E-1,6.664484739E-3,1.501429081E-2,-3.201389313E-2,3.598240735E-2
2.921042820E-1,-4.925131798E-4,1.477313042E-2,4.853343964E-2,5.073443322E-2
2.967991260E-1,-7.477521896E-3,7.476389408E-3,7.730484009E-3,1.309847759E-2
3.014940210E-1,-2.635359764E-3,-1.615849137E-2,-1.593875885E-2,2.284920126E-2
3.061888650E-1,-2.637803555E-3,-6.450563669E-3,7.863998413E-3,1.050762819E-2
3.108837610E-1,6.812572479E-3,-1.607090235E-3,-1.680374146E-3,7.198440114E-3
3.155786570E-1,1.140826941E-2,3.162622452E-3,-1.815032959E-2,2.166991592E-2
3.202735010E-1,-1.703491807E-2,-8.636400104E-3,1.512145996E-2,2.436050886E-2
3.249683960E-1,6.805032492E-3,-8.504420519E-3,1.961612701E-2,2.243715835E-2
3.296632920E-1,4.277259111E-3,-3.659889102E-3,-3.490829468E-2,3.535928126E-2
3.343581360E-1,1.869916916E-3,-5.960538983E-3,1.276397705E-2,1.421069050E-2
3.390530320E-1,4.243850708E-3,-3.182193637E-2,-3.929138184E-3,3.234322232E-2
3.437479280E-1,-1.231768727E-2,-3.061383963E-3,-3.218841553E-2,3.460045644E-2
3.484427710E-1,-7.469058037E-3,-1.956580579E-2,1.545143127E-2,2.602603144E-2
3.531376670E-1,-1.443436742E-2,-2.165915072E-2,1.760387421E-2,3.142238310E-2
3.578325630E-1,-1.425546408E-2,-2.131074667E-2,-6.238937378E-3,2.638731739E-2
3.625274070E-1,8.589029312E-5,-1.155270636E-2,2.453994751E-2,2.712344789E-2
3.672223030E-1,-4.624873400E-3,-2.793067694E-2,5.328178406E-3,2.880801370E-2
3.719171990E-1,2.507269382E-3,-1.575833559E-2,-2.781009674E-2,3.206264214E-2
3.766120420E-1,-9.295225143E-3,-8.495107293E-3,-1.564502716E-2,2.008320027E-2
3.813069380E-1,-9.192615747E-3,-8.413493633E-3,2.708244324E-2,2.981190687E-2
3.860017820E-1,3.892481327E-4,-1.773193479E-2,-1.342678070E-2,2.224525714E-2
3.906966780E-1,5.099624395E-3,-2.935999632E-2,1.982784271E-2,3.579328009E-2
3.953915740E-1,-6.765812635E-3,-1.484838128E-2,-3.478336334E-2,3.842047648E-2
4.000864170E-1,-1.941323280E-3,-2.181810141E-2,8.187294006E-3,2.338439797E-2
4.047813130E-1,-2.554994822E-2,-2.766251564E-4,-1.366615295E-3,2.558796617E-2
4.094762090E-1,2.203424275E-2,-4.972577095E-3,1.014709473E-3,2.261114795E-2
4.141710530E-1,-4.250407219E-3,2.155169845E-3,-2.738189697E-2,2.779350644E-2
4.188659490E-1,1.003575325E-2,1.387651265E-2,3.679943085E-2,4.058906327E-2
4.235607920E-1,-8.989959955E-3,6.598174572E-3,-1.329898834E-2,1.735564400E-2
4.282556880E-1,-6.536722183E-3,4.217594862E-3,-2.734756470E-2,2.843248386E-2
4.329505840E-1,-6.505191326E-3,4.117012024E-3,2.264690399E-2,2.391964805E-2
4.376454280E-1,3.048032522E-3,-6.867349148E-4,5.833625793E-3,6.617650414E-3
4.423403240E-1,1.015925407E-2,3.483057022E-2,5.771636963E-3,3.673813902E-2
4.470351670E-1,-1.126870513E-2,1.555272937E-2,1.281261444E-2,2.308753332E-2
4.517300630E-1,-6.456553936E-3,3.196598589E-2,-2.283763885E-2,3.981292618E-2
4.564249590E-1,-6.403595209E-3,3.394888341E-2,-2.733707428E-2,4.405506040E-2
4.611198030E-1,1.978296041E-2,2.883794904E-2,8.467674255E-3,3.598186119E-2
4.658146990E-1,5.384504795E-3,2.854792774E-2,-2.003669739E-2,3.529088143E-2
4.705095940E-1,-1.129287481E-2,1.405188441E-2,1.569366455E-2,2.390137201E-2
4.752044380E-1,-2.777585387E-2,4.411160946E-3,5.106925964E-2,5.830116362E-2
4.798993340E-1,3.283560276E-3,4.399880767E-3,-1.103305817E-2,1.232351782E-2
4.845941780E-1,-1.334849000E-2,1.386658847E-2,-2.514171600E-2,3.166339124E-2
4.892890740E-1,9.843409061E-4,1.376436651E-2,-8.310317993E-3,1.610863425E-2
4.939839690E-1,8.068591356E-3,1.126796007E-2,1.309776306E-2,1.906883551E-2
4.986788130E-1,-1.332470775E-2,-7.795378566E-3,-1.783657074E-2,2.358938361E-2
5.033737090E-1,-3.704100847E-3,-1.482835412E-2,1.295089722E-3,1.533876483E-2
5.080686050E-1,5.797326565E-3,-1.231430471E-2,-1.088142395E-3,1.365412574E-2
5.127634490E-1,5.757510662E-3,4.370480776E-3,1.293182373E-3,7.343184043E-3
5.174583440E-1,-1.801761985E-2,-1.463307440E-2,2.024841309E-2,3.080194351E-2
5.221531880E-1,-1.072600484E-2,-1.689577103E-2,1.769256592E-2,2.671219098E-2
5.268480840E-1,-1.129716635E-3,-4.855558276E-3,1.279163361E-2,1.372875071E-2
5.315429800E-1,-2.244889736E-2,-9.522706270E-3,-1.577949524E-2,2.904526463E-2
5.362378240E-1,3.796100616E-3,-7.035106421E-3,-3.782272339E-3,8.843567509E-3
5.409327190E-1,-3.367722034E-3,-6.940200925E-3,9.956359863E-4,7.778125198E-3
5.456276150E-1,1.087933779E-2,-6.875604391E-3,-3.757476807E-3,1.340718309E-2
5.503224590E-1,-3.489434719E-3,-4.440635443E-3,-6.096839905E-3,8.310647064E-3
5.550173550E-1,-1.061782241E-2,-1.863415539E-2,-3.674507141E-3,2.175940952E-2
5.597121990E-1,3.722697496E-3,-1.138404012E-2,1.102447510E-3,1.202789410E-2
5.644070940E-1,-8.185774088E-3,-2.554933727E-2,-2.500820160E-2,3.667677302E-2
5.691019900E-1,-3.329694271E-3,3.114208579E-3,-5.815505981E-3,7.389537796E-3
5.737968340E-1,6.203472614E-3,-1.594692469E-2,-5.767822266E-3,1.805700011E-2
5.784917300E-1,-5.726963282E-3,-8.719339967E-3,1.326179504E-2,1.687306154E-2
5.831866260E-1,1.454710960E-3,8.476227522E-4,1.315212250E-2,1.325944850E-2
5.878814690E-1,1.429677010E-3,-2.760310471E-2,8.296012878E-3,2.885826044E-2
5.925763650E-1,-9.405016899E-4,-2.025091648E-2,1.297473907E-2,2.406923380E-2
5.972712090E-1,1.455515623E-3,1.276537776E-3,-1.370429993E-3,2.371951262E-3
6.019661050E-1,1.809707284E-2,8.359089494E-3,5.761146545E-3,2.075016222E-2
6.066609490E-1,1.378864050E-3,1.066583395E-2,1.283264160E-2,1.674329628E-2
6.113558440E-1,-8.080661297E-3,2.476061881E-2,-1.812171936E-2,3.172982892E-2
6.160507400E-1,6.238579750E-3,1.738274097E-2,-4.170131683E-2,4.560788733E-2
6.207455840E-1,-3.289610147E-3,-6.572753191E-3,-3.660869598E-2,3.733924532E-2
6.254404800E-1,-5.620479584E-3,1.710157096E-2,9.183025360E-2,9.357803694E-2
6.301353760E-1,6.248235703E-3,3.813356161E-4,1.750564575E-2,1.859122103E-2
6.348302190E-1,-8.140057325E-3,1.235961914E-2,-1.348781586E-2,2.002353353E-2
6.395251150E-1,-3.284364939E-3,2.169601619E-2,5.781173706E-2,6.183608262E-2
6.442199590E-1,-1.742473245E-2,4.853650928E-3,-1.860141754E-2,2.594594309E-2
6.489148550E-1,-2.201139927E-2,3.806602955E-2,-4.691982269E-2,6.430391951E-2
6.536097510E-1,-5.287796259E-3,1.636816561E-2,2.465438843E-2,3.006187791E-2
6.583045940E-1,-1.234778762E-2,1.383417845E-2,1.970386505E-2,2.705724765E-2
6.629994900E-1,-2.683043480E-3,6.604492664E-3,-6.560325623E-3,9.687926401E-3
6.676943860E-1,-1.451191306E-2,1.808717847E-3,3.146171570E-2,3.469447558E-2
6.723892300E-1,-1.683530211E-2,1.840886474E-2,9.840965271E-3,2.681712691E-2
6.770841260E-1,-9.619593620E-3,1.588758826E-2,-6.852149963E-3,1.979656539E-2
6.817789690E-1,-1.901710033E-2,1.522168517E-3,1.218891144E-2,2.263927261E-2
6.864738650E-1,2.538681030E-3,6.260275841E-3,9.715080261E-3,1.183295143E-2
6.911687090E-1,4.960685968E-3,-1.517176628E-2,-1.883983612E-2,2.469271800E-2
6.958636050E-1,-4.586517811E-3,-8.319467306E-4,-6.818771362E-3,8.259777472E-3
7.005585010E-1,9.702891111E-3,-3.221809864E-3,-9.135246277E-3,1.371053898E-2
7.052533440E-1,-2.229183912E-3,-1.742723584E-2,-1.940727234E-3,1.767609211E-2
7.099482400E-1,2.627785504E-2,-5.413323641E-3,4.501342773E-4,2.683341870E-2
7.146431360E-1,-8.535385132E-5,-7.765024900E-3,-1.929283142E-3,8.001564249E-3
7.193379800E-1,7.019668818E-3,-2.905200422E-2,1.232433319E-2,3.232930386E-2
7.240328760E-1,2.285689116E-3,-5.076780915E-3,9.850502014E-3,1.131505498E-2
7.287277190E-1,-1.433032751E-2,-7.402345538E-3,-2.107715607E-2,2.654052588E-2
7.334226150E-1,1.664973795E-2,-2.618059516E-3,7.571220398E-3,1.847677969E-2
7.381291260E-1,-2.487152815E-3,-2.591207623E-3,-1.622009277E-2,1.661299779E-2
7.428123550E-1,2.293854952E-3,-1.211392879E-2,-8.966445923E-3,1.524487435E-2
7.475072510E-1,2.121600509E-2,-3.102071583E-2,5.979537964E-4,3.758671616E-2
7.522020940E-1,1.390695572E-2,-1.652140915E-2,2.965927124E-3,2.179809858E-2
7.568969900E-1,4.285901785E-3,-9.289786220E-3,1.717758179E-2,1.999345888E-2
7.615918860E-1,2.087569237E-2,-1.632826030E-2,-1.948356628E-3,2.657447478E-2
7.662867300E-1,4.134327173E-3,-9.013652802E-3,-1.141929626E-2,1.512411734E-2
7.709816260E-1,-6.312727928E-4,-1.845476031E-2,1.714992523E-2,2.520112337E-2
7.756764690E-1,1.125228405E-2,-4.059419036E-3,2.412605286E-2,2.692878025E-2
7.803713650E-1,1.591818035E-2,-8.710712194E-3,-2.115726471E-2,2.787283305E-2
7.850662610E-1,-7.900506258E-3,-8.662819862E-3,3.757476807E-4,1.173045751E-2
7.897611050E-1,6.473630667E-3,-6.270647049E-3,-2.098178864E-2,2.283559421E-2
7.944560010E-1,-1.020410657E-2,-1.497313380E-3,-2.318191528E-2,2.537256263E-2
7.991508440E-1,-6.411671638E-4,-1.337397099E-2,-1.349830627E-2,1.901258708E-2
8.038457400E-1,-5.395948887E-3,-6.195992231E-3,2.932453156E-2,3.045381314E-2
8.085406360E-1,-2.934604883E-3,-8.542686701E-3,-1.766204834E-3,9.203742793E-3
8.132354800E-1,1.821964979E-3,-6.123304367E-3,-1.124286652E-2,1.293122037E-2
8.179303760E-1,-5.353659391E-3,-1.324382424E-2,2.206802368E-2,2.628798620E-2
8.226252190E-1,-1.478597522E-2,-3.666594625E-3,5.283355713E-4,1.524296945E-2
8.273201150E-1,1.990914345E-3,8.202910423E-3,-1.849174500E-3,8.641234036E-3
8.320150110E-1,-7.446914911E-3,1.760214567E-2,1.003265381E-2,2.158578737E-2
8.367098550E-1,2.121984959E-3,3.220915794E-3,-1.914978027E-3,4.306304630E-3
8.414047510E-1,6.836444139E-3,-1.576364040E-3,-9.017944336E-3,1.142563837E-2
8.460995940E-1,-2.725660801E-3,1.505042613E-2,5.483627319E-4,1.530507285E-2
8.507944900E-1,6.747454405E-3,1.255488396E-2,-8.948326111E-3,1.682931348E-2
8.554893340E-1,1.142409444E-2,1.719877124E-2,1.248168945E-2,2.412675356E-2
8.601842300E-1,1.137170196E-2,-1.376032829E-2,-4.231452942E-3,1.834577428E-2
8.648791260E-1,1.600907743E-2,2.909794450E-2,1.004219055E-2,3.469620333E-2
8.695739690E-1,-1.021212339E-2,2.648684382E-2,-1.905441284E-3,2.845120501E-2
8.742688650E-1,-7.712066174E-3,7.315501571E-3,-1.849746704E-2,2.133421700E-2
8.789637610E-1,1.134917140E-2,1.912322640E-2,1.013278961E-2,2.443716237E-2
8.836586050E-1,1.598532498E-2,2.371463180E-2,1.954078674E-2,3.463750456E-2
8.883535010E-1,-5.545645952E-3,6.910324097E-3,-4.353523254E-3,9.872179743E-3
8.930483440E-1,6.379574537E-3,6.856232882E-3,-6.688117981E-3,1.150816331E-2
8.977432400E-1,-7.226467133E-4,1.152168214E-2,1.235103607E-2,1.690619619E-2
9.024380840E-1,-7.295310497E-4,9.083732963E-3,-1.385402679E-2,1.658253535E-2
9.071329800E-1,-7.095634937E-4,-2.180697024E-2,1.236438751E-2,2.507838731E-2
9.118278760E-1,1.654863358E-3,-2.650469542E-4,1.938056946E-2,1.945289940E-2
9.165227190E-1,-1.495590806E-2,-7.376477122E-3,2.365112305E-4,1.667775579E-2
9.212176150E-1,-1.010054350E-2,-2.564221621E-3,-2.139091492E-3,1.063822936E-2
9.259124590E-1,6.549835205E-3,-2.152015269E-2,-6.866455078E-3,2.351947105E-2
9.306073550E-1,-7.756382227E-3,-4.754573107E-3,-6.810188293E-3,1.136424636E-2
9.353022510E-1,-1.002252102E-2,-1.423044503E-2,-1.861763000E-2,2.548671498E-2
9.399970940E-1,4.284650087E-3,-1.648122072E-2,5.267143250E-3,1.782502906E-2
9.446919900E-1,-9.973734617E-3,-2.108615637E-2,1.471519470E-2,2.757967236E-2
9.493868340E-1,9.107023478E-3,-1.850584149E-2,-2.017021179E-3,2.072371638E-2
9.540817300E-1,-5.248695612E-3,-1.122874022E-2,5.118370056E-3,1.341011277E-2
9.587765740E-1,-2.845704556E-3,3.105640411E-3,2.168560028E-2,2.209090981E-2
9.634714690E-1,-9.982436895E-3,-2.536310256E-2,1.497268677E-4,2.725726391E-2
9.681663650E-1,-2.794951200E-3,8.044645190E-3,7.265090942E-3,1.119417772E-2
9.728612090E-1,1.988679171E-3,-3.883287311E-3,2.460479736E-3,5.008864713E-3
9.775561050E-1,-5.189061165E-3,-1.096533239E-2,2.439498901E-3,1.237400602E-2
9.822509490E-1,1.959204674E-3,5.739733577E-3,9.537696838E-3,1.130268488E-2
9.869458440E-1,1.929968596E-3,3.321766853E-3,-1.189708710E-2,1.250198365E-2
9.916407400E-1,1.929193735E-3,-1.477107406E-3,2.439498901E-3,3.443078513E-3
9.963355840E-1,-5.246639252E-3,1.989388466E-2,-1.181888580E-2,2.372719815E-2
1.001030480E0,-5.187600851E-3,5.493551493E-3,-6.974220276E-3,1.028251229E-2
1.005725324E0,6.763547659E-3,-6.413891912E-3,-4.543304443E-3,1.036943594E-2
1.010420219E0,-1.466307044E-2,3.107145429E-3,2.159595490E-2,2.628773964E-2
1.015115115E0,2.055644989E-3,1.020340621E-2,9.552001953E-3,1.412713403E-2
1.019809959E0,1.995980740E-3,2.910569310E-2,-3.086757660E-2,4.247272766E-2
1.024504855E0,-5.181103945E-3,-2.037212253E-3,-2.139091492E-3,5.964040934E-3
1.029199699E0,-1.933383942E-2,2.880404890E-2,1.923656464E-2,3.966756860E-2
1.033894594E0,-1.757442951E-4,3.334227204E-2,-1.177024841E-2,3.535925252E-2
1.038589438E0,2.156049013E-3,1.645849645E-2,1.205539703E-2,2.051495187E-2
1.043284334E0,-1.445817947E-2,4.461199045E-3,2.619266510E-2,3.024891660E-2
1.047979230E0,7.003188133E-3,-7.435366511E-3,2.245903015E-3,1.045817381E-2
1.052674074E0,4.586547613E-3,1.164136827E-2,-2.150058746E-2,2.487635696E-2
1.057368969E0,2.348957956E-2,-7.435202599E-3,2.406120300E-3,2.475544385E-2
1.062063813E0,1.375979185E-2,1.161406934E-2,4.757881165E-3,1.862406807E-2
1.066758709E0,-6.347000599E-4,6.775766611E-3,-1.426601410E-2,1.580610691E-2
1.071453553E0,-1.016345620E-2,-1.225949824E-2,-1.414775848E-2,2.130141331E-2
1.076148449E0,-3.001958132E-3,-1.218202710E-2,2.059936523E-4,1.254814609E-2
1.080843344E0,-1.485496759E-2,-9.704113007E-3,-1.403331757E-2,2.262241971E-2
1.085538188E0,6.609708071E-3,2.246171236E-3,1.218605042E-2,1.404397916E-2
1.090233084E0,2.312298119E-2,4.603847861E-3,1.682949066E-2,2.896721302E-2
1.094927928E0,-8.410513401E-4,-2.042204142E-4,-1.178646088E-2,1.181819501E-2
1.099622824E0,8.614242077E-3,-9.689047933E-3,7.292747498E-3,1.487504563E-2
1.104317719E0,-8.053839207E-3,-1.200513542E-2,2.487182617E-3,1.466879953E-2
1.109012563E0,3.891587257E-3,-1.427371800E-2,1.195907593E-2,1.902374763E-2
1.113707459E0,-3.245592117E-3,-9.404733777E-3,2.135181427E-2,2.355595165E-2
1.118402303E0,-5.577534437E-3,-1.406788826E-2,6.937026978E-3,1.664742364E-2
1.123097199E0,-5.544692278E-3,-2.109397948E-2,-2.393722534E-4,2.181185186E-2
1.127792094E0,-3.111720085E-3,-1.622456312E-2,6.878852844E-3,1.789519117E-2
1.132486938E0,-6.982982159E-4,-1.876756549E-3,6.821632385E-3,7.109465799E-3
1.137181834E0,8.786827326E-3,-1.372356713E-2,1.625728607E-2,2.301834007E-2
1.141876678E0,3.983855247E-3,-4.143834114E-3,9.003639221E-3,1.068213382E-2
1.146571574E0,1.649469137E-3,6.392300129E-4,-5.607604980E-4,1.855752079E-3
1.151266417E0,-1.255950332E-2,6.099641323E-4,-1.004600525E-2,1.609457677E-2
1.155961313E0,-1.484203339E-2,5.354896188E-3,-5.217552185E-3,1.661877610E-2
1.160656209E0,-2.868264914E-3,-6.578072906E-3,4.317283630E-3,8.374779084E-3
1.165351053E0,-1.232132316E-2,-4.146859050E-3,2.563762665E-2,2.874542302E-2
1.170045949E0,2.032548189E-3,1.724788547E-2,1.356124878E-2,2.203470612E-2
1.174740792E0,-7.461309433E-3,7.616117597E-3,3.957748413E-3,1.137278146E-2
1.179435688E0,-5.011647940E-3,2.810388803E-3,6.298065186E-3,8.525287407E-3
1.184130532E0,-7.300674915E-3,9.909883142E-3,8.620262146E-3,1.502712739E-2
1.188825428E0,-7.224529982E-3,5.084291101E-3,-1.517963409E-2,1.756317570E-2
1.193520324E0,-9.523302317E-3,2.874682844E-2,1.557350159E-3,3.032323815E-2
1.198215167E0,2.406805754E-3,1.187241077E-2,1.543045044E-3,1.221179100E-2
1.202910063E0,-1.183664799E-2,9.376659989E-3,1.339435577E-2,2.018506266E-2
1.207604907E0,7.259666920E-3,-9.652823210E-3,-1.993656158E-2,2.330978866E-2
1.212299803E0,4.841595888E-3,-7.809698582E-5,8.705139160E-3,9.961254825E-3
1.216994699E0,1.668097079E-2,-4.820466042E-3,-8.573532104E-4,1.738466951E-2
1.221689542E0,4.663914442E-3,2.609889209E-2,-1.034164429E-2,2.845793164E-2
1.226384438E0,-1.060962677E-4,-7.363647223E-3,1.109981537E-2,1.332067784E-2
1.231079282E0,7.028013468E-3,1.645825803E-2,8.635520935E-3,1.987056750E-2
1.235774178E0,1.407518983E-2,-1.449541748E-2,1.093673706E-2,2.297477560E-2
1.240469021E0,4.452019930E-3,2.268031240E-3,3.726959229E-3,6.233351607E-3
1.245163917E0,9.118169546E-3,-7.238134742E-3,1.321792603E-3,1.171660130E-2
1.249858761E0,-4.650950432E-4,2.319484949E-3,1.310348511E-3,2.704318222E-3
1.254553657E0,6.614893675E-3,4.677295685E-3,2.502632141E-2,2.630495536E-2
1.259248553E0,-5.318969488E-3,-1.434050500E-2,-1.077461243E-2,1.870919007E-2
1.263943396E0,-2.887874842E-3,-7.098078728E-3,1.180648804E-3,7.753481432E-3
1.268638292E0,1.868307590E-3,-7.063627243E-3,2.015209198E-2,2.143576950E-2
1.273333136E0,1.370355487E-2,-2.361145616E-2,-8.489608765E-3,2.858953891E-2
1.278028032E0,-1.252672076E-2,-2.054467797E-3,-1.079177856E-2,1.666139417E-2
1.282722928E0,1.843905449E-2,-2.033084631E-3,1.777362823E-2,2.569112734E-2
1.287417771E0,-6.844699383E-4,-6.700485945E-3,-3.729820251E-3,7.699127879E-3
1.292112667E0,1.707285643E-3,-2.793918550E-2,1.528644562E-2,3.189339007E-2
1.296807511E0,-1.970610023E-2,-2.530021966E-2,3.294944763E-3,3.223799252E-2
1.301502407E0,-7.719993591E-3,-1.559361815E-2,-1.479148865E-3,1.746273488E-2
1.306197251E0,-1.004213095E-2,-1.311549544E-2,3.277778625E-3,1.684055959E-2
1.310892146E0,-2.825200558E-3,3.579318523E-3,3.250122070E-3,5.599693988E-3
1.315587042E0,-2.758860588E-3,-1.220941544E-3,7.969856262E-3,8.521773221E-3
1.320281886E0,1.386070251E-2,-2.024674416E-2,1.027393341E-2,2.660081636E-2
1.324976782E0,1.845055819E-2,-2.010419965E-2,6.952285767E-4,2.729625036E-2
1.329671626E0,4.103004932E-3,-9.226500988E-4,-1.354598999E-2,1.418378573E-2
1.334366521E0,-5.379199982E-3,-1.274845004E-2,8.058547974E-4,1.386030926E-2
1.339061365E0,-1.952886581E-2,-7.921099663E-3,1.029109955E-2,2.345265763E-2
1.343756261E0,-9.888917208E-3,3.985375166E-3,7.831573486E-3,1.322903783E-2
1.348451105E0,-1.928275824E-2,-7.909506559E-3,7.767677307E-3,2.224234407E-2
1.353146001E0,-1.673388481E-2,8.769318461E-3,-4.160881042E-3,1.934520039E-2
1.357840896E0,-9.432256222E-3,3.953218460E-3,2.994537354E-3,1.065657767E-2
1.362535740E0,-1.885882020E-2,1.341532171E-2,1.246070862E-2,2.628488568E-2
1.367230636E0,-1.162484288E-2,1.805281639E-2,2.864837646E-3,2.166214316E-2
1.371925480E0,-4.366517067E-3,2.265165746E-2,2.841949463E-3,2.324307927E-2
1.376620376E0,-1.612353325E-2,3.667548299E-2,-1.926422119E-3,4.010948116E-2
1.381315271E0,1.487290859E-2,1.261632144E-2,5.207061768E-3,2.018634363E-2
1.386010115E0,-4.219502211E-3,1.251468062E-2,4.196166992E-4,1.321353504E-2
1.390705011E0,1.715727150E-2,1.481574774E-2,9.907722473E-3,2.473946869E-2
1.395399855E0,-1.147395372E-2,1.944155991E-2,9.824752808E-3,2.462014690E-2
1.400094751E0,-4.217594862E-3,9.792283177E-3,-2.120018005E-3,1.087066661E-2
1.404789594E0,2.893656492E-3,2.568095922E-3,5.013465881E-3,6.332709113E-3
1.409484490E0,5.257725716E-3,2.150429785E-2,7.345199585E-3,2.332446061E-2
1.414179334E0,-1.138168573E-2,7.091298699E-3,4.911422729E-3,1.428115404E-2
1.418874230E0,-8.928239346E-3,-2.483248711E-3,4.869461060E-3,1.046860225E-2
1.423569126E0,-1.693129539E-3,1.177899539E-2,1.194953918E-2,1.686424937E-2
1.428263969E0,-1.115667820E-2,4.594668746E-3,-1.187705994E-2,1.693065274E-2
1.432958865E0,-3.903657198E-3,4.561409354E-3,-9.404182434E-3,1.115722376E-2
1.437653709E0,8.034646511E-3,1.164707541E-2,-2.206802368E-3,1.432061057E-2
1.442348605E0,-8.601099253E-3,-2.654030919E-3,-2.186775208E-3,9.263086650E-3
1.447043449E0,1.046749949E-2,-5.000531673E-3,9.696960449E-3,1.511968600E-2
1.451738344E0,9.026229382E-4,6.938010454E-3,7.244110107E-3,1.007113938E-2
1.456433240E0,-3.865003586E-3,-1.207038760E-2,6.484985352E-5,1.267425402E-2
1.461128084E0,-6.220012903E-3,4.644662142E-3,2.437591553E-3,8.136541004E-3
1.465822980E0,1.039949059E-2,-4.909500480E-3,1.902484894E-2,2.223055278E-2
1.470517824E0,1.507249475E-2,-3.096602857E-2,1.174831390E-2,3.638815608E-2
1.475212719E0,-1.649409533E-3,-1.649461687E-2,-2.136230469E-4,1.657825601E-2
1.479907563E0,-6.396472454E-3,-3.767989576E-2,1.639938354E-2,4.158881081E-2
1.484602459E0,7.908016443E-3,-1.603387296E-2,4.396438599E-3,1.841060777E-2
1.489297303E0,7.387995720E-4,7.126629353E-4,9.107589722E-3,9.165255250E-3
1.493992199E0,7.479488850E-4,-2.776513994E-2,1.615238190E-2,3.213038849E-2
1.498687094E0,-4.018396139E-3,-2.043904364E-2,6.525039673E-3,2.182837958E-2
1.503381938E0,3.091901541E-3,-1.282140613E-3,-6.484985352E-4,3.409441309E-3
1.508076834E0,-8.840054274E-3,-1.078772545E-2,8.846282959E-3,1.651600140E-2
1.512771678E0,-8.780002594E-3,-1.784113050E-2,6.399154663E-3,2.088883825E-2
1.517466574E0,1.503729820E-2,-5.853474140E-3,8.718490601E-3,1.834108980E-2
1.522161417E0,-1.710414886E-3,3.717035055E-3,1.101875305E-2,1.175392647E-2
1.526856313E0,-1.709073782E-3,3.660619259E-3,3.806114197E-3,5.550456903E-3
1.531551209E0,1.492995024E-2,-5.829662085E-3,1.403808594E-3,1.608909732E-2
1.536246053E0,1.004612446E-2,8.459731936E-3,3.764152527E-3,1.366237627E-2
1.540940949E0,5.231946707E-3,1.076488197E-2,-1.762199402E-2,2.130236192E-2
1.545635792E0,1.944094896E-2,-1.305091381E-2,-8.630752563E-4,2.343121309E-2
1.550330688E0,5.056947470E-3,-1.293939352E-2,8.636474609E-3,1.635815748E-2
1.555025532E0,9.775191545E-3,-8.138686419E-3,-9.279251099E-4,1.275357328E-2
1.559720428E0,2.533257008E-3,2.755413949E-2,6.197929382E-3,2.835599272E-2
1.564415271E0,-2.218991518E-3,2.258226275E-2,-1.283550262E-2,2.606976490E-2
1.569110167E0,4.933446646E-3,2.474150062E-2,6.254196167E-3,2.599222419E-2
1.573805063E0,-4.641711712E-3,1.742094755E-2,2.043819427E-2,2.725352613E-2
1.578499907E0,4.847377539E-3,2.439716458E-2,1.077556610E-2,2.710777626E-2
1.583194803E0,1.943111420E-5,9.960055351E-3,1.543140411E-2,1.836658142E-2
1.587889646E0,-4.712611437E-3,5.107358098E-3,5.810737610E-3,9.058613849E-3
1.592584542E0,-7.032334805E-3,9.814828634E-3,-6.101608276E-3,1.352827474E-2
1.597279386E0,-6.988078356E-3,-9.245753288E-3,-3.677368164E-3,1.215895676E-2
1.601974282E0,2.309083939E-4,1.928195357E-2,8.218765259E-3,2.096175457E-2
1.606669178E0,-1.162156463E-2,7.261112332E-3,5.778312683E-3,1.487190015E-2
1.611364021E0,-4.420399666E-3,8.623301983E-5,-6.134986877E-3,7.562105086E-3
1.616058917E0,-4.397183657E-3,4.862993956E-3,3.407478333E-3,7.388832310E-3
1.620753761E0,-2.001285553E-3,1.194462180E-2,-1.365661621E-3,1.218786960E-2
1.625448657E0,-1.943945885E-3,4.732206464E-3,-3.726005554E-3,6.328966820E-3
1.630143501E0,2.774775028E-3,2.130797505E-2,1.049995422E-3,2.151352290E-2
1.634838396E0,-1.147246361E-2,-4.909828305E-3,8.161544800E-3,1.491089027E-2
1.639533240E0,2.874344587E-3,-9.610414505E-3,1.521396637E-2,1.822324605E-2
1.644228136E0,-1.380300522E-2,-9.553506970E-3,-1.525878906E-3,1.685588191E-2
1.648923032E0,-1.866102219E-3,-1.424360275E-2,1.272201538E-2,1.918885698E-2
1.653617876E0,-1.893073320E-3,-1.174774766E-2,1.736068726E-2,2.104725074E-2
1.658312771E0,-2.087399364E-2,-1.164634526E-2,1.958847046E-2,3.090419297E-2
1.663007615E0,-1.596790552E-2,-9.144678712E-3,-4.302978516E-3,1.889748077E-2
1.667702511E0,1.980048418E-2,-1.143708825E-2,1.946258545E-2,3.002762718E-2
1.672397355E0,-6.450921297E-3,-1.842944324E-2,1.218318939E-2,2.301497051E-2
1.677092251E0,5.453616381E-3,-1.830057800E-2,-6.902694702E-3,2.030517867E-2
1.681787094E0,-4.040569067E-3,1.507577300E-2,2.647399902E-3,1.583078824E-2
1.686481990E0,-1.351204515E-2,5.433917046E-3,1.449012756E-2,2.054425991E-2
1.691176886E0,8.799731731E-4,-6.471499801E-3,9.623527527E-3,1.163043183E-2
1.695871730E0,1.986956596E-2,-8.786186576E-3,2.425193787E-3,2.186042751E-2
1.700566626E0,7.355511189E-4,-1.342701912E-2,3.433227539E-5,1.344719512E-2
1.705261469E0,1.498132944E-2,-2.277493477E-2,2.407073975E-3,2.736662001E-2
1.709956365E0,1.964506507E-2,-1.546296477E-2,-1.184844971E-2,2.766618191E-2
1.714651209E0,1.472198963E-2,-2.244925499E-2,1.435279846E-2,3.044189304E-2
1.719346105E0,2.777695656E-3,-5.620241165E-3,1.186084747E-2,1.341575219E-2
1.724041001E0,3.687739372E-4,-1.740685105E-2,2.269744873E-3,1.755808075E-2
1.728735844E0,-6.766587496E-3,1.724794507E-3,-2.493858337E-3,7.414914149E-3
1.733430740E0,-1.976639032E-3,8.802816272E-3,2.270698547E-3,9.303372941E-3
1.738125584E0,2.827703953E-3,-1.027756929E-2,-7.238388062E-3,1.288482060E-2
1.742820480E0,-1.955240965E-3,1.116754115E-2,1.892375946E-2,2.206004566E-2
1.747515324E0,-6.671547890E-3,2.057105303E-2,1.402187347E-2,2.577383770E-2
1.752210219E0,5.173087120E-4,2.280424535E-2,-3.318786621E-4,2.281252634E-2
1.756905063E0,2.844005823E-3,1.315443218E-2,2.042770386E-3,1.361250770E-2
1.761599959E0,-1.143133640E-2,8.331522346E-3,-5.091667175E-3,1.503378832E-2
1.766294855E0,-8.978188038E-3,1.064001024E-2,-2.676010132E-3,1.417669597E-2
1.770989699E0,-4.172652960E-3,8.183479309E-3,1.395702362E-2,1.670864670E-2
1.775684594E0,-8.869737387E-3,3.402009606E-3,1.146793365E-2,1.489158867E-2
1.780379438E0,-1.118379831E-2,8.124440908E-3,8.999824524E-3,1.649486969E-2
1.785074334E0,-1.350602508E-2,5.688130856E-3,-1.005935669E-2,1.777521316E-2
1.789769178E0,-1.575317979E-2,5.645751953E-3,1.889228821E-3,1.684061680E-2
1.794464074E0,-3.743588924E-3,5.602970719E-3,6.621360779E-3,9.447230149E-3
1.799158917E0,-1.081717014E-2,7.933422923E-3,1.820564270E-3,1.353753388E-2
1.803853813E0,3.551691771E-3,1.739209890E-2,4.180908203E-3,1.823676540E-2
1.808548709E0,-1.182258129E-3,1.013353467E-2,1.772880554E-3,1.035516126E-2
1.813243553E0,5.904376507E-3,5.306825042E-3,-6.151199341E-4,7.962564065E-3
1.817938449E0,2.716855705E-2,7.639750838E-3,4.135131836E-3,2.852359725E-2
1.822633292E0,5.571156740E-3,1.229867339E-2,-5.391120911E-3,1.453820275E-2
1.827328188E0,1.494553685E-2,-1.152838767E-2,-6.027221680E-4,1.888481051E-2
1.832023032E0,7.660478354E-3,7.554247975E-3,1.772880554E-3,1.090379276E-2
1.836717928E0,5.209416151E-3,-6.741717458E-3,1.125049591E-2,1.411249195E-2
1.841412771E0,1.464322209E-2,-2.334788442E-2,-7.095336914E-4,2.756902425E-2
1.846107667E0,2.985000610E-4,7.697656751E-3,1.116180420E-2,1.356203874E-2
1.850802563E0,9.802132845E-3,-2.083757520E-2,1.818847656E-2,2.934462520E-2
1.855497407E0,2.717375755E-4,-3.729882836E-2,-1.043701172E-2,3.873251415E-2
1.860192303E0,2.632860839E-2,-8.480906487E-3,-5.603790283E-3,2.822275430E-2
1.864887146E0,-6.824731827E-6,-1.552459598E-2,-7.930755615E-3,1.743301498E-2
1.869582042E0,-2.393990755E-3,-1.064521074E-2,6.373405457E-3,1.263613867E-2
1.874276886E0,4.730254412E-3,-3.461807966E-3,-1.029109955E-2,1.184340116E-2
1.878971782E0,9.422987700E-3,-1.769497991E-2,1.115036011E-2,2.293982436E-2
1.883666678E0,-2.533584833E-3,-1.757222414E-2,8.683204651E-3,1.976360687E-2
1.888361521E0,-1.539289951E-4,-2.691307664E-2,-8.802413940E-4,2.692790770E-2
1.893056417E0,-1.387596130E-4,1.599913836E-2,6.245613098E-3,1.717554556E-2
1.897751261E0,-1.519322395E-4,2.296049893E-2,1.445770264E-3,2.300647400E-2
1.902446157E0,-1.635849476E-4,1.565325260E-2,8.553504944E-3,1.783854041E-2
1.907141001E0,-7.266283035E-3,-1.294827461E-2,3.737449646E-3,1.531095080E-2
1.911835896E0,-4.761129618E-3,6.145447493E-3,3.707885742E-3,8.612972588E-3
1.916530740E0,6.714463234E-5,1.323774457E-3,-1.056003571E-2,1.064289628E-2
1.921225636E0,-1.175501943E-2,1.795464754E-2,-5.723953247E-3,2.221066165E-2
1.925920480E0,-1.161351800E-2,-1.203507185E-3,-9.298324585E-4,1.171267767E-2
1.930615376E0,-2.010583878E-3,8.273318410E-3,-1.515865326E-2,1.738605803E-2
1.935310271E0,-1.624473929E-2,-1.311838627E-3,-3.169059753E-3,1.660287370E-2
1.940005115E0,-4.229635000E-3,-1.298159361E-3,-1.026153564E-2,1.117471001E-2
1.944700011E0,-4.180490971E-3,8.208438754E-3,-3.055572510E-3,9.705230286E-3
1.949394855E0,-6.532877684E-3,3.426775336E-3,1.120662689E-2,1.341677183E-2
1.954089751E0,3.055900335E-3,-6.061583757E-3,1.623153687E-3,6.979681397E-3
1.958784594E0,1.016369462E-2,-1.233577728E-3,6.357192993E-3,1.205140262E-2
1.963479490E0,1.006537676E-2,-5.937337875E-3,3.931045532E-3,1.232951375E-2
1.968174386E0,9.938955307E-3,8.353695273E-3,1.523971558E-3,1.307247286E-2
1.972869230E0,-4.394799471E-3,1.168951392E-3,6.258010864E-3,7.735852230E-3
1.977564126E0,1.701165736E-2,3.536343575E-3,1.807117462E-2,2.506929525E-2
1.982258969E0,9.765148163E-3,3.482937813E-3,1.309394836E-3,1.045004733E-2
1.986953865E0,1.921668649E-2,1.086071134E-3,-3.445625305E-3,1.955333536E-2
1.991648709E0,4.833132029E-3,1.053079963E-3,-3.417015076E-3,6.011999222E-3
1.996343605E0,7.123887539E-3,1.047804952E-3,-8.135795593E-3,1.086456805E-2
2.001038449E0,9.394139051E-3,-1.385211945E-3,2.040386200E-2,2.250524928E-2
2.005733344E0,6.957560778E-3,-2.509897947E-2,-5.866050720E-3,2.669788332E-2
2.010428240E0,2.166986465E-3,-1.776614785E-2,3.675460815E-3,1.827131227E-2
2.015123084E0,9.253978729E-3,-1.049593091E-2,2.262783051E-2,2.660487552E-2
2.019817980E0,-3.014802933E-4,-5.657672882E-3,-1.288414001E-3,5.810349684E-3
2.024512824E0,-9.749084711E-3,-5.605489016E-3,1.296138763E-2,1.715994549E-2
2.029207719E0,2.210438251E-3,-7.955640554E-3,8.107185364E-3,1.157172020E-2
2.033902563E0,-2.867120504E-2,-3.166019917E-3,1.515674591E-2,3.258509824E-2
2.038597459E0,-1.183715463E-2,3.955811262E-3,3.165245056E-3,1.287576983E-2
2.043292303E0,-1.409676671E-2,-7.909834385E-3,-6.351470947E-3,1.736736868E-2
2.047987199E0,-9.190678596E-3,-5.439281464E-3,-1.550674438E-3,1.079161467E-2
2.052682094E0,-1.621887088E-2,-3.016799688E-3,3.209114075E-3,1.680628650E-2
2.057376938E0,2.942144871E-3,-7.762134075E-3,3.183364868E-3,8.890486698E-3
2.062071834E0,-1.130506396E-2,-5.752742290E-4,5.530357361E-3,1.259842308E-2
2.066766678E0,-8.851557970E-3,-6.233751774E-4,1.734638214E-2,1.948424103E-2
2.071461574E0,-1.116433740E-2,-1.722484827E-2,5.337715149E-3,2.120917326E-2
2.076156417E0,1.029926538E-2,1.614254713E-2,-6.569862366E-3,2.024400620E-2
2.080851313E0,-1.637071371E-3,-1.006120443E-2,1.246929169E-2,1.610562239E-2
2.085546157E0,1.259952784E-2,9.009942412E-3,1.236534119E-2,1.981990985E-2
2.090241053E0,-1.124864817E-2,1.843065023E-2,2.770423889E-3,2.176915713E-2
2.094935896E0,1.015990973E-2,6.415396929E-3,-9.119033813E-3,1.508435816E-2
2.099630792E0,5.708038807E-4,-7.821619511E-4,2.820968628E-3,2.982525505E-3
2.104325688E0,5.806386471E-4,1.818269491E-2,4.234313965E-4,1.819689066E-2
2.109020532E0,2.963960171E-3,3.768384457E-3,5.166053772E-3,7.047970834E-3
2.113715428E0,6.092190742E-4,1.320381463E-2,-1.385879517E-2,1.915145091E-2
2.118410271E0,6.187558174E-4,1.066796482E-2,-1.848983765E-2,2.135561819E-2
2.123105167E0,1.486408710E-2,5.781888962E-3,7.764816284E-3,1.773876257E-2
2.127800011E0,1.475411654E-2,8.110851049E-3,5.817413330E-4,1.684661041E-2
2.132494907E0,4.084706306E-4,8.046761155E-3,7.697105408E-3,1.114282931E-2
2.137189751E0,-6.756156683E-3,3.210008144E-3,5.034255981E-2,5.089521720E-2
2.141884646E0,1.224067807E-2,2.217058837E-2,3.331184387E-2,4.184552701E-2
2.146579542E0,2.317130566E-4,3.035262227E-3,-1.205158234E-2,1.243009029E-2
2.151274386E0,-4.529625177E-3,1.250500977E-2,2.838802338E-2,3.134920485E-2
2.155969282E0,-1.396879554E-2,7.630303502E-3,1.866054535E-2,2.452681661E-2
2.160664126E0,-9.149163961E-3,-1.141206920E-2,-2.895259857E-2,3.243756293E-2
2.165359021E0,-4.370450974E-3,1.244512200E-2,-1.447391510E-2,1.958254635E-2
2.170053865E0,-6.721973419E-3,4.820227623E-4,2.361297607E-2,2.455585290E-2
2.174748761E0,5.182713270E-3,7.630646229E-3,3.528022766E-2,3.646617258E-2
2.179443657E0,-6.767451763E-3,1.008532941E-2,-6.055831909E-4,1.216055113E-2
2.184138501E0,9.912312031E-3,-6.547421217E-3,4.923248291E-2,5.064543442E-2
2.188833396E0,-1.388663054E-2,7.750198245E-3,-9.117794037E-2,9.255442124E-2
2.193528240E0,-1.921534538E-3,2.888441086E-3,-5.008125305E-2,5.020126785E-2
2.198223136E0,-9.038478136E-3,5.185097456E-3,3.575897217E-2,3.724625368E-2
2.202917980E0,-9.034633636E-3,1.469488442E-2,4.612922668E-3,1.785618348E-2
2.207612876E0,5.178451538E-4,-9.095683694E-3,-1.440715790E-2,1.704599144E-2
2.212307719E0,5.838572979E-4,2.792358398E-3,6.876373291E-2,6.882288223E-2
2.217002615E0,5.928874016E-4,-1.972392201E-3,2.785301208E-2,2.792905528E-2
2.221697511E0,-1.843839884E-2,5.308821797E-3,-6.017208099E-2,6.315724402E-2
2.226392355E0,2.972185612E-3,-2.795152366E-2,-9.843826294E-3,2.978292260E-2
2.231087251E0,-8.958816528E-3,-2.782797813E-2,1.870918274E-2,3.470864848E-2
2.235782094E0,1.960429549E-2,-2.290245891E-2,-2.802848816E-3,3.027716940E-2
2.240476990E0,5.132853985E-3,-2.502375841E-2,1.966476440E-3,2.562033772E-2
2.245171834E0,5.018591881E-3,-3.190064430E-2,2.093219757E-2,3.848368832E-2
2.249866730E0,5.047112703E-3,-2.691301703E-2,1.601314545E-2,3.172072918E-2
2.254561626E0,5.076110363E-3,-1.482078433E-2,-2.683067322E-2,3.106939925E-2
2.259256469E0,1.931321621E-2,-3.130319715E-2,8.987426758E-3,3.786375987E-2
2.263951365E0,1.439291239E-2,-5.021780729E-3,6.536483765E-3,1.658613363E-2
2.268646209E0,1.903259754E-2,-1.212257147E-2,1.122856140E-2,2.520470391E-2
2.273341105E0,1.888787746E-2,-3.100034595E-2,-1.259422302E-2,3.842379233E-2
2.278035949E0,2.349011600E-2,-2.361908555E-2,2.073192596E-2,3.923594661E-2
2.282730844E0,1.619033515E-2,-4.435688257E-3,1.818752289E-2,2.475052063E-2
2.287425688E0,1.129531860E-2,-4.945099354E-2,8.544921875E-3,5.143929115E-2
2.292120584E0,4.097133875E-3,-3.002411127E-2,2.982997894E-2,4.252130533E-2
2.296815428E0,1.705408096E-3,-3.214403987E-2,1.297283173E-2,3.470507281E-2
2.301510324E0,3.249683976E-2,-3.899133205E-2,-2.272987366E-2,5.561488763E-2
2.306205219E0,-3.351897001E-3,-3.154498339E-2,-5.338764191E-2,6.210121978E-2
2.310900063E0,1.810371876E-2,-1.709851623E-2,5.383872986E-2,5.931873838E-2
2.315594959E0,-1.525288820E-2,-1.926895976E-2,-3.440475464E-2,4.228038021E-2
2.320289803E0,-3.273546696E-3,-2.142277360E-2,-8.014678955E-3,2.310598224E-2
2.324984699E0,-1.272177696E-2,-9.434312582E-3,5.137348175E-2,5.375950604E-2
2.329679542E0,-1.019856334E-2,-9.381920099E-3,1.060771942E-2,1.745149937E-2
2.334374438E0,-1.012575626E-2,-4.527717829E-3,-2.032852173E-2,2.315771932E-2
2.339069282E0,-1.954510808E-2,-2.824503183E-2,-5.923271179E-3,3.485510314E-2
2.343764178E0,-9.902864695E-3,2.651219070E-2,1.785278320E-2,3.346169232E-2
2.348459074E0,-1.449435949E-2,2.154824138E-2,-2.737903595E-2,3.773625277E-2
2.353153917E0,-2.147763968E-2,1.425354183E-2,2.505397797E-2,3.594654744E-2
2.357848813E0,-1.422113180E-2,1.648218930E-2,1.297855377E-2,2.534454600E-2
2.362543657E0,-1.651519537E-2,1.402963698E-2,-2.272319794E-2,3.139946045E-2
2.367238553E0,-6.841778755E-3,4.713506997E-2,2.017879486E-2,5.172725123E-2
2.371933396E0,-2.337887883E-2,5.151826143E-2,-1.320934296E-2,5.809638524E-2
2.376628292E0,5.325675011E-4,4.159940779E-2,-1.309967041E-2,4.361646159E-2
2.381323136E0,2.915591002E-3,2.458961308E-2,3.619194031E-3,2.502495370E-2
2.386018032E0,5.308419466E-3,2.435846627E-2,2.494621277E-2,3.526794193E-2
2.390712928E0,2.878367901E-3,4.314127564E-2,-6.109237671E-3,4.366666292E-2
2.395407771E0,2.813249826E-3,3.566586971E-2,8.177757263E-3,3.669937807E-2
2.400102667E0,-1.617935300E-2,4.718084633E-2,1.285457611E-2,5.150770672E-2
2.404797511E0,-6.482660770E-3,3.252643347E-2,-2.284526825E-2,4.027282019E-2
2.409492407E0,-1.697182655E-3,2.508454025E-2,-1.316547394E-2,2.838035046E-2
2.414187251E0,5.393028259E-3,2.010577917E-2,-1.068496704E-2,2.339862454E-2
2.418882146E0,5.026161671E-4,1.276816428E-2,-3.479957581E-3,1.324344165E-2
2.423576990E0,1.074841619E0,2.179448158E-1,-1.337055206E0,1.729306529E0
2.428271886E0,6.035676599E-1,3.558300436E-1,-8.436961174E0,8.466003945E0
2.432966782E0,-3.482761979E-1,-1.723131537E-2,-5.303988457E0,5.315438531E0
2.437661626E0,-2.512962103E0,-1.174290895E0,4.024880600E1,4.034427248E1
2.442356521E0,1.111398458E0,-2.399224192E-1,3.472862244E-1,1.188855341E0
2.447051365E0,2.565097213E-1,1.110622510E-1,-9.056264877E0,9.060577553E0
2.451746261E0,1.355627179E-1,1.555177867E-1,-9.636393547E0,9.638601746E0
2.456441105E0,1.126513183E-1,1.641888618E-1,-9.804642677E0,9.806664384E0
2.461136001E0,8.995415270E-2,1.589782089E-1,-9.657318115E0,9.659045450E0
2.465830896E0,-2.035382241E-1,-6.882549822E-2,-6.615070343E0,6.618558786E0
2.470525740E0,-1.265319586E-1,-1.678418368E-1,1.758803368E1,1.758928963E1
2.475220636E0,2.809548855E0,1.546524644E0,8.946808815E0,9.504245957E0
2.479915480E0,-1.407862306E-1,-3.103968799E-1,1.081646919E0,1.134075414E0
2.484610376E0,1.412624717E-1,3.330543637E-3,-7.533538818E0,7.534863855E0
2.489305219E0,-4.746552408E-1,-2.625968456E-1,-6.285222530E0,6.308587556E0
2.494000115E0,-3.383094072E0,-1.700035930E0,7.330663681E0,8.250701647E0
2.498694959E0,8.657210469E-1,5.141237974E-1,3.123352051E0,3.281634386E0
2.503389855E0,1.403474510E-1,3.571082354E-1,-4.360330582E0,4.377180197E0
2.508084751E0,-3.715470433E-1,-6.137428880E-1,-1.727647781E0,1.870693560E0
2.512779594E0,9.998239577E-2,-1.062420309E-1,4.621117592E0,4.623419908E0
2.517474490E0,1.666163802E-1,4.128113091E-1,-1.044960022E-1,4.572675470E-1
2.522169334E0,-9.625944495E-2,-1.087959111E-1,-3.206536293E0,3.209825140E0
2.526864230E0,2.332834899E-2,-1.119594574E-1,4.490184784E-1,4.633537805E-1
2.531559074E0,-8.207178116E-2,-1.804644763E-1,2.385039330E0,2.393264676E0
2.536253969E0,-3.311148286E-2,-6.300520897E-2,-8.199748993E-1,8.230582374E-1
2.540948813E0,3.623139858E-2,2.885456383E-1,-7.491846085E-1,8.036472343E-1
2.545643709E0,1.543131769E-1,7.948492467E-2,2.291889191E-1,2.875029920E-1
2.550338605E0,-1.115270555E-1,-1.580849290E-3,2.503194809E-1,2.740449337E-1
2.555033449E0,-5.552044511E-2,-1.291804314E-1,1.112661362E-1,1.793049267E-1
2.559728344E0,1.596672833E-2,3.080250323E-2,-2.902698517E-1,2.923359667E-1
2.564423188E0,1.255963892E-1,1.942835748E-2,6.614875793E-2,1.432744647E-1
2.569118084E0,1.156543940E-1,-1.873210073E-3,3.789777756E-1,3.962368006E-1
2.573812928E0,-8.386430144E-2,-7.846845686E-2,-2.259616852E-1,2.534742649E-1
2.578507824E0,-1.037420034E-1,9.097544849E-2,-5.122375488E-2,1.471829086E-1
2.583202719E0,-3.344836831E-2,-1.658019423E-2,4.436874390E-2,5.798518447E-2
2.587897563E0,3.321970999E-2,5.547754467E-2,-1.730594635E-1,1.847454600E-1
2.592592459E0,1.057932526E-1,-6.648810208E-2,1.998815536E-1,2.357233877E-1
2.597287303E0,-1.292854548E-2,-3.562539816E-2,1.828145981E-1,1.867016164E-1
2.601982199E0,-7.283148170E-2,2.429844439E-2,-2.761096954E-1,2.865857691E-1
2.606677042E0,-6.864732504E-2,-3.525495529E-2,-5.724906921E-3,7.738308385E-2
2.611371938E0,9.998127818E-3,6.732082367E-2,1.972970963E-1,2.087060134E-1
2.616066782E0,4.129973054E-2,-1.164478064E-2,-1.541633606E-1,1.600237808E-1
2.620761678E0,-8.493542671E-3,6.964713335E-2,6.109428406E-2,9.303426786E-2
2.625456574E0,-2.748817205E-2,-1.168282330E-2,2.038288116E-2,3.616005818E-2
2.630151417E0,-8.025547862E-2,2.655756474E-2,-7.997894287E-2,1.163738690E-1
2.634846313E0,-8.611381054E-3,-1.656539738E-2,6.824874878E-2,7.075634236E-2
2.639541157E0,-1.335918903E-2,-1.892015338E-2,3.946399689E-2,4.575857500E-2
2.644236053E0,-1.562547684E-2,-6.881833076E-3,-3.703689575E-2,4.078292289E-2
2.648930896E0,-2.030339837E-2,-1.642034948E-2,5.140781403E-2,5.765951097E-2
2.653625792E0,-4.175135493E-2,2.177427709E-2,2.026367188E-2,5.126315616E-2
2.658320636E0,-6.085807085E-2,2.150833607E-4,-1.321411133E-2,6.227651071E-2
2.663015532E0,-3.935283422E-2,1.905858517E-4,4.890918732E-2,6.277571575E-2
2.667710428E0,-1.163989305E-3,1.646429300E-4,3.436088562E-3,3.631622641E-3
2.672405271E0,3.630697727E-3,-2.852459252E-2,5.819320679E-3,2.933766926E-2
2.677100167E0,6.170332432E-3,-1.175133884E-2,1.536846161E-2,2.030656493E-2
2.681795011E0,-1.765456796E-2,-9.339302778E-3,-3.766059875E-3,2.032460462E-2
2.686489907E0,-2.486005425E-2,7.401019335E-3,-1.372337341E-3,2.597461635E-2
2.691184751E0,-5.807071924E-3,2.647310495E-2,5.792617798E-3,2.771464940E-2
2.695879646E0,2.282400429E-2,1.276731491E-4,5.780220032E-3,2.354490212E-2
2.700574490E0,1.805000007E-2,-4.646316171E-3,-1.394271851E-3,1.869049894E-2
2.705269386E0,-1.018464565E-3,-2.371634543E-2,-8.555412292E-3,2.523286330E-2
2.709964282E0,-8.167982101E-3,-6.950944662E-3,2.729034424E-2,2.932225182E-2
2.714659126E0,-5.779564381E-3,-4.574328661E-3,1.290893555E-2,1.486500804E-2
2.719354021E0,-3.452122211E-3,-1.889422536E-2,9.412765503E-4,1.923005203E-2
2.724048865E0,1.328867674E-2,-6.913855672E-3,3.676986694E-2,3.970407340E-2
2.728743761E0,3.728102148E-2,-1.170419157E-2,1.759910583E-2,4.285546860E-2
2.733438657E0,-3.320366144E-3,2.652466297E-3,-2.781486511E-2,2.813764613E-2
2.738133501E0,1.419961452E-3,1.940158010E-2,-8.657455444E-3,2.129293628E-2
2.742828396E0,-5.848258734E-3,2.651542425E-3,4.151821136E-2,4.201183979E-2
2.747523240E0,-1.238198578E-1,-1.437543333E-2,3.192234039E-2,1.286741858E-1
2.752218136E0,-8.819154501E-1,4.037715793E-1,-3.180875778E0,3.325473961E0
2.756912980E0,1.314023376E0,-3.194168210E-1,-4.455801487E0,4.656484879E0
2.761607876E0,-1.542993546E0,-2.938430011E-1,9.095820427E0,9.230445386E0
2.766302719E0,1.350947857E0,8.452163637E-2,7.873760223E0,7.989261798E0
2.770997615E0,1.706219763E-1,1.640631258E-2,-5.168004036E0,5.170845844E0
2.775692511E0,2.186928391E-1,8.303767443E-2,-7.335343361E0,7.339072423E0
2.780387355E0,-4.901334643E-1,-3.259433508E-1,5.866165161E-1,8.310167374E-1
2.785082251E0,3.648912609E-1,5.922951698E-1,4.904715538E0,4.953805982E0
2.789777094E0,-7.459955812E-1,-2.259090394E-1,-1.784981728E0,1.947743327E0
2.794471990E0,8.134976029E-2,-1.037542522E-1,-2.814077854E0,2.817164691E0
2.799166834E0,-1.998389363E-1,-8.361938596E-2,1.984830856E0,1.996617472E0
2.803861730E0,3.894318044E-1,3.233060241E-2,1.025977135E0,1.097875894E0
2.808571678E0,-1.904246211E-1,4.242923856E-2,-8.197965622E-1,8.426910347E-1
2.813251469E0,2.240965664E-1,1.742763817E-2,3.019943237E-1,3.764619041E-1
2.817946365E0,-2.757857144E-1,-5.261014402E-2,-1.863765717E-2,2.813768821E-1
2.822641209E0,-2.968367934E-2,9.368208051E-2,-4.128246307E-1,4.243602582E-1
2.827336105E0,-5.936709046E-2,-7.070162892E-2,6.322860718E-2,1.118974018E-1
2.832030949E0,1.854304373E-1,4.144032300E-2,2.709751129E-1,3.309520498E-1
2.836725844E0,-9.015858173E-3,4.092068970E-2,1.797828674E-1,1.846013759E-1
2.841420688E0,-1.210362017E-1,5.547441542E-2,-4.081611633E-1,4.293282056E-1
2.846115584E0,-9.113016725E-2,-1.349252462E-2,-2.092361450E-1,2.286187219E-1
2.850810428E0,2.753999829E-2,-9.499934316E-2,4.719057083E-1,4.821600608E-1
2.855505324E0,7.332408428E-2,-4.374265671E-3,1.510219574E-1,1.679380456E-1
2.860200219E0,-1.184368134E-2,1.030988991E-2,-2.839698792E-1,2.844036900E-1
2.864895063E0,-3.308233619E-2,9.166090190E-2,1.106748581E-1,1.474621515E-1
2.869589959E0,-7.661223412E-2,-3.518049419E-2,-1.093034744E-1,1.380374989E-1
2.874284855E0,2.081833780E-2,5.799266696E-2,-1.043653488E-1,1.211968590E-1
2.878979699E0,2.574580908E-2,-5.204384029E-2,2.350349426E-1,2.421008721E-1
2.883674542E0,3.100690246E-2,1.260297000E-2,2.941131592E-3,3.359930219E-2
2.888369438E0,-3.580522537E-2,-4.708035290E-2,-9.261512756E-2,1.098914721E-1
2.893064334E0,-1.690560579E-2,1.022124290E-2,7.474994659E-2,7.731641371E-2
2.897759178E0,-3.853505850E-2,-4.709717631E-2,-6.393241882E-2,8.826351980E-2
2.902454074E0,-7.288724184E-3,2.948649228E-2,5.084514618E-2,5.922674748E-2
2.907148917E0,-4.703551531E-3,-3.030909598E-2,4.359912872E-2,5.330711699E-2
2.911843813E0,7.177591324E-3,2.705073357E-2,-3.291988373E-2,4.320854948E-2
2.916538657E0,2.606588602E-2,-3.510315716E-2,-4.204750061E-3,4.392427552E-2
2.921233553E0,9.315133095E-3,1.037649810E-2,2.924919128E-2,3.240306480E-2
2.925928449E0,-2.384608984E-2,-3.022155166E-2,1.248741150E-2,4.047114566E-2
2.930623292E0,-3.807020187E-2,1.283217967E-2,3.635978699E-2,5.418523060E-2
2.935318188E0,-1.200041175E-2,-2.779692411E-2,-4.732036591E-2,5.617736111E-2
2.940013032E0,-2.203881741E-4,-3.249846399E-2,1.486682892E-2,3.573823351E-2
2.944707928E0,1.185400784E-2,-4.680615664E-2,7.934856415E-2,9.288448973E-2
2.949402771E0,-2.148267627E-2,-1.325346529E-2,-4.389762878E-3,2.562088484E-2
2.954097667E0,-2.862921357E-2,1.133695245E-3,-9.161949158E-3,3.008086513E-2
2.958792563E0,4.457433820E-1,6.773933768E-2,-1.166887283E-1,4.657166947E-1
2.963487407E0,5.641117692E-1,8.825414181E-1,-2.273796082E0,2.503447635E0
2.968182303E0,-1.215198994E0,-9.866631031E-1,7.600784302E-2,1.567159809E0
2.972877146E0,-1.068575084E-1,1.844285429E-2,3.927030563E0,3.928527423E0
2.977572042E0,-1.174593270E-1,3.182479739E-2,1.541156769E0,1.545953976E0
2.982266938E0,2.519857883E-1,-2.258049250E-1,-2.274277687E0,2.299309396E0
2.986961782E0,4.055526257E-1,2.809503376E-1,-1.549177170E0,1.625840068E0
2.991656678E0,-1.109915376E-1,-1.797584295E-1,2.101442337E0,2.112035064E0
2.996351521E0,7.758346200E-2,2.201333791E-1,-7.113256454E-1,7.486401486E-1
3.001046417E0,-3.197046220E-1,-4.526719451E-3,-1.405438423E0,1.441349610E0
3.005741261E0,-4.588946700E-2,-1.802839339E-2,3.072605133E-1,3.111910815E-1
3.010436157E0,3.835478425E-2,-6.566175818E-2,8.179998398E-1,8.215268065E-1
3.015131001E0,1.399042308E-1,-1.252189279E-3,-6.004524231E-2,1.522504283E-1
3.019825896E0,2.257712185E-2,5.842237175E-2,-4.316711426E-2,7.606773104E-2
3.024520792E0,-1.078665257E-3,7.744786143E-2,4.052639008E-2,8.741694945E-2
3.029215636E0,-1.482757032E-1,-4.192462564E-2,-3.943872452E-1,4.234201903E-1
3.033910532E0,5.160114169E-2,-8.548274636E-3,1.485223770E-1,1.574631617E-1
3.038605376E0,5.452306569E-2,-5.179277062E-2,2.916488647E-1,3.011881739E-1
3.043300271E0,3.875093162E-2,6.069478393E-2,-9.342002869E-2,1.179525042E-1
3.047995115E0,-5.677488446E-2,1.060412824E-2,-5.265426636E-2,7.815565755E-2
3.052690011E0,-4.782849550E-2,5.351279676E-2,-9.589195251E-3,7.240950949E-2
3.057384855E0,-2.194401622E-2,5.567446351E-3,-3.586864471E-2,4.241575156E-2
3.062079751E0,4.522705078E-2,-8.771702647E-3,6.453704834E-2,7.929350224E-2
3.066774646E0,4.801534116E-2,1.755513251E-2,4.533863068E-2,6.833188930E-2
3.071469490E0,-1.410549879E-2,-8.719787002E-3,-4.790592194E-2,5.069494194E-2
3.076164386E0,-2.627217770E-2,4.861009121E-2,3.578281403E-2,6.582991773E-2
3.080859230E0,-1.680418849E-2,-1.115991175E-2,-1.683616638E-2,2.627509999E-2
3.085554126E0,2.433329821E-3,2.464295924E-2,5.486583710E-2,6.019515441E-2
3.090248969E0,-1.175087690E-2,-8.894115686E-3,1.416873932E-2,2.044361944E-2
3.094943865E0,-1.419198513E-2,-1.738637686E-3,-4.797554016E-2,5.006084055E-2
3.099638761E0,-1.666074991E-2,-1.851139963E-2,1.660251617E-2,2.993152263E-2
3.104333605E0,6.137415171E-1,2.298150063E-1,-4.015464783E-1,7.685916738E-1
3.109028501E0,-6.923984885E-1,-1.785355061E-1,-1.416291237E0,1.586559631E0
3.113723344E0,-7.461309433E-3,-1.335190088E-1,1.436235428E0,1.442447642E0
3.118418240E0,-1.514174044E-1,1.379245371E-1,1.359959602E0,1.375296524E0
3.123113084E0,-1.689068079E-1,-3.441482782E-1,1.250038147E-1,4.032288443E-1
3.127807980E0,3.785406053E-1,2.478316724E-1,-6.087036133E-1,7.584415710E-1
3.132502876E0,-1.871964037E-1,-3.020731211E-1,-4.629325867E-2,3.583765197E-1
3.137197719E0,2.336584777E-1,2.204609364E-1,1.067237854E-1,3.385103766E-1
3.141892615E0,-2.008116841E-1,6.236307323E-2,-9.231824875E-1,9.468264839E-1
3.146587459E0,-5.892604589E-2,7.655620575E-3,7.575988770E-3,5.990227890E-2
3.151282355E0,6.174716353E-2,-9.503026307E-2,3.850355148E-1,4.013674262E-1
3.155977199E0,3.587456048E-2,-1.023122966E-1,2.650051117E-1,2.863258622E-1
3.160672094E0,5.153520405E-2,1.966747642E-2,-4.117965698E-2,6.883640777E-2
3.165366990E0,-3.431230783E-2,3.170101345E-2,-1.080074310E-1,1.176770746E-1
3.170061834E0,-6.155076623E-2,6.035643816E-2,-1.962766647E-1,2.143733322E-1
3.174756730E0,2.866512537E-2,-4.258129001E-2,7.082939148E-3,5.181721430E-2
3.179451574E0,5.767957866E-2,-1.162602007E-2,2.316703796E-1,2.390256533E-1
3.184146469E0,5.595846474E-2,-4.260924459E-2,2.826023102E-2,7.579932821E-2
3.188841313E0,-3.726267815E-2,3.633151948E-2,9.105682373E-3,5.283370082E-2
3.193536209E0,-4.478785396E-2,-6.810307503E-3,-1.242446899E-2,4.697552107E-2
3.198231105E0,-6.820082664E-3,5.290818214E-2,-6.259155273E-2,8.224045075E-2
3.202925949E0,1.493498683E-2,-1.167657971E-2,3.307914734E-2,3.812645189E-2
3.207620844E0,7.508608699E-2,6.739109755E-2,-5.762271881E-1,5.849933784E-1
3.212315688E0,3.507979214E-2,4.832446575E-4,-5.060720444E-1,5.072866443E-1
3.217010584E0,-1.384947598E-1,-2.901189029E-2,1.093129158E0,1.102249447E0
3.221705428E0,-1.410933435E-1,-3.169623017E-2,8.764743805E-1,8.883238836E-1
3.226400324E0,6.762315333E-2,8.395461738E-2,-2.000284195E-1,2.272281612E-1
3.231095167E0,-7.681259513E-2,-1.329150051E-1,-3.192129135E-1,3.542082121E-1
3.235790063E0,1.653166711E-1,9.839765728E-2,2.069082260E-1,2.825291396E-1
3.240484959E0,-4.175907373E-2,5.013041198E-2,-5.460176468E-1,5.499019449E-1
3.245179803E0,-5.357381701E-2,1.125538796E-1,-3.253946304E-1,3.484540073E-1
3.249874699E0,-1.357558370E-2,-3.807531297E-2,3.082399368E-1,3.108792122E-1
3.254569542E0,-6.644895673E-2,-5.252262950E-2,1.524734497E-1,1.744197332E-1
3.259264438E0,1.054695249E-2,-7.044538856E-3,5.430221558E-2,5.576373688E-2
3.263959334E0,-5.554452538E-2,2.632343769E-2,4.199790955E-2,7.444422126E-2
3.268654178E0,-1.501238346E-2,2.616626024E-2,-1.600522995E-1,1.628704498E-1
3.273349074E0,-2.481704950E-2,4.540845752E-3,-7.568073273E-2,7.977517491E-2
3.278043917E0,-3.099322319E-3,-1.939083636E-2,1.551189423E-1,1.563569525E-1
3.282738813E0,-2.551019192E-3,7.129907608E-3,-4.346284866E-1,4.346944498E-1
3.287433657E0,-3.994679451E-2,-5.204910040E-2,-2.316646576E-1,2.407765953E-1
3.292128553E0,-3.752291203E-3,-1.189325750E-2,7.953433990E-1,7.954411680E-1
3.296823449E0,-8.958381414E-2,-4.743805528E-2,1.978549957E-1,2.223111067E-1
3.301518292E0,2.660186589E-2,-3.701144457E-2,-2.448081970E-2,5.173796315E-2
3.306213188E0,3.074613214E-2,-6.509017944E-2,1.465635300E-1,1.632878575E-1
3.310908032E0,4.265189171E-2,6.387442350E-3,-1.465206146E-1,1.527359610E-1
3.315602928E0,-2.490758896E-3,3.243869543E-2,-3.374948502E-1,3.390593558E-1
3.320297771E0,-1.389980316E-4,3.228476644E-2,-5.705261230E-2,6.555399328E-2
3.324992667E0,1.145905256E-2,-5.589026213E-2,1.474809647E-1,1.581318002E-1
3.329687511E0,1.129209995E-2,-1.753804088E-2,8.217906952E-2,8.478498609E-2
3.334382407E0,2.564741671E-2,-1.261439919E-2,5.302810669E-2,6.024029507E-2
3.339077303E0,1.852858067E-2,-2.846390009E-3,-2.321500778E-1,2.329057081E-1
3.343772146E0,2.565060556E-2,4.297226667E-3,-1.590251923E-1,1.611379269E-1
3.348467042E0,-9.971112013E-3,-5.453765392E-3,1.887407303E-1,1.890826007E-1
3.353161886E0,1.388363540E-2,-1.732563972E-2,2.203874588E-1,2.215029686E-1
3.357856782E0,-3.621804714E-2,-2.415451407E-2,2.209234238E-1,2.251718159E-1
3.362551678E0,1.364664733E-2,-2.389326692E-2,6.484031677E-2,7.043710575E-2
3.367246521E0,-8.026957512E-4,1.902124286E-2,-1.255340576E-1,1.269694909E-1
3.371941417E0,6.421923637E-3,5.445948243E-2,-1.482143402E-1,1.580334363E-1
3.376636261E0,1.593026519E-2,5.638279021E-2,-9.002876282E-2,1.074149455E-1
3.381331157E0,1.106637716E-2,2.032321692E-2,-3.470039368E-2,4.170869418E-2
3.386026001E0,-1.274007559E-2,-3.627896309E-3,7.236671448E-2,7.356910032E-2
3.390720896E0,-1.490756869E-2,2.010646462E-2,4.803752899E-2,5.416742301E-2
3.395415740E0,-1.468336582E-2,1.525235176E-2,-3.540992737E-2,4.125649552E-2
3.400110636E0,2.063065767E-3,3.321543336E-3,3.370094299E-2,3.392701651E-2
3.404805532E0,-2.881523967E-2,1.987935603E-2,4.053688049E-2,5.356067133E-2
3.409500376E0,-1.440787315E-2,-8.757382631E-3,5.680751801E-2,5.925683641E-2
3.414195271E0,2.279818058E-3,1.270402968E-2,6.582641602E-2,6.707985529E-2
3.418890115E0,-4.870742559E-3,-3.981024027E-3,-1.164436340E-3,6.397546199E-3
3.423585011E0,7.019937038E-3,2.927675843E-2,-2.962779999E-2,4.223996487E-2
3.428279907E0,-2.390038967E-2,1.711618900E-2,-2.463817596E-2,3.835664567E-2
3.432974751E0,-1.179537177E-2,2.741262317E-3,-1.493930817E-2,1.923091893E-2
3.437669646E0,-1.405680180E-2,5.096316338E-3,-2.905082703E-2,3.267287358E-2
3.442364490E0,-1.161000133E-2,-2.087995410E-3,2.339267731E-2,2.619864896E-2
3.447059386E0,5.167245865E-3,-1.158611476E-2,1.133441925E-2,1.701198239E-2
3.451754282E0,-1.135918498E-2,3.508925438E-4,1.124286652E-2,1.598612700E-2
3.456449126E0,-4.048049450E-3,-1.394078135E-2,8.776664734E-3,1.696354718E-2
3.461144021E0,-8.775144815E-3,-1.384782791E-2,1.819419861E-2,2.449069961E-2
3.465838865E0,-1.348963380E-2,-6.610244513E-3,1.431465149E-3,1.509021686E-2
3.470533761E0,1.745593548E-2,-1.366956532E-2,1.091194153E-2,2.471107378E-2
3.475228605E0,1.492254436E-2,-1.826816797E-2,2.742958069E-2,3.617720536E-2
3.479923501E0,2.905008197E-2,-8.649110794E-3,5.845069885E-3,3.086874182E-2
3.484618396E0,7.465958595E-3,-8.601009846E-3,1.291465759E-2,1.721935797E-2
3.489313240E0,2.671867609E-3,-2.747991681E-2,-1.092147827E-2,2.969113322E-2
3.494008136E0,9.754627943E-3,-2.250161767E-2,-3.710746765E-3,2.480413687E-2
3.498702980E0,2.149517834E-2,-1.516297460E-2,5.811691284E-3,2.693945519E-2
3.503397876E0,3.325080872E-2,-1.503235102E-2,-8.471488953E-3,3.746136653E-2
3.508092719E0,1.171776652E-2,-5.441039801E-3,8.211135864E-3,1.530796259E-2
3.512787615E0,-9.721249342E-3,-1.248261333E-2,5.770683289E-3,1.684099492E-2
3.517482511E0,-1.917362213E-2,-2.186658978E-2,5.722045898E-3,2.963979325E-2
3.522177355E0,4.644185305E-3,-3.357273340E-2,1.278972626E-2,3.622532240E-2
3.526872251E0,2.218961716E-3,2.332016826E-3,1.268291473E-2,1.308504565E-2
3.531567094E0,4.615485668E-3,-3.562107682E-2,7.833480835E-3,3.676312342E-2
3.536261990E0,4.564106464E-3,-2.072900534E-3,3.022193909E-3,5.853344383E-3
3.540956834E0,-2.639144659E-2,-4.424989223E-3,-1.751899719E-3,2.681712392E-2
3.545651730E0,-7.231026888E-3,7.480561733E-3,5.381584167E-3,1.171358194E-2
3.550360376E0,-1.190117002E-2,2.646937966E-3,5.912780762E-4,1.220629912E-2
3.555041469E0,-4.639953375E-3,2.627655864E-3,1.482391357E-2,1.575379816E-2
3.559736365E0,-9.276002645E-3,7.355034351E-3,2.182197571E-2,2.482618334E-2
3.564431209E0,-9.128361940E-3,7.297992706E-3,-4.460334778E-3,1.250928757E-2
3.569126105E0,-9.066611528E-3,1.910585165E-2,-2.051353455E-3,2.124723659E-2
3.573820949E0,-1.375046372E-2,9.458616376E-3,7.457733154E-3,1.828000165E-2
3.578515844E0,5.333572626E-3,4.609316587E-3,2.875041962E-2,2.960201724E-2
3.583210740E0,5.331963301E-3,1.169307530E-2,2.139377594E-2,2.495699284E-2
3.587905584E0,-1.605311036E-2,2.818034589E-2,2.231597900E-3,3.250868001E-2
3.592600480E0,-1.694947481E-3,1.133807003E-2,-1.602172852E-4,1.146517984E-2
3.597295324E0,-1.590421796E-2,1.836648583E-2,-1.439571381E-2,2.824019346E-2
3.601990219E0,1.271679997E-2,1.347191632E-2,4.709243774E-3,1.911508587E-2
3.606685115E0,-2.059566975E-2,1.339213550E-2,2.298355103E-3,2.467414318E-2
3.611379959E0,-2.041015029E-2,-1.041582227E-2,4.652976990E-3,2.338191145E-2
3.616074855E0,-1.242399216E-3,2.289484441E-2,2.242088318E-3,2.303789089E-2
3.620769699E0,1.126468182E-3,1.564612985E-2,-1.487731934E-4,1.568733385E-2
3.625464594E0,3.475636244E-3,1.074601710E-2,2.223968506E-3,1.151099330E-2
3.630159438E0,1.060158014E-3,1.065997779E-2,-2.864265442E-2,3.058039754E-2
3.634854334E0,8.183181286E-3,-6.034016609E-3,-3.789424896E-2,3.923452455E-2
3.639549178E0,2.007725835E-2,8.173882961E-3,1.214056015E-1,1.233257019E-1
3.644244074E0,-3.467926383E-2,-1.796492934E-2,1.598644257E-2,4.220137879E-2
3.648938969E0,-6.070435047E-3,1.786623895E-2,-5.770778656E-2,6.071442420E-2
3.653633813E0,1.056939363E-3,-1.078197360E-2,4.717731476E-2,4.840523839E-2
3.658328709E0,-1.282602549E-3,1.538561285E-2,-2.914714813E-2,3.298360799E-2
3.663023553E0,1.144468784E-3,1.059909165E-2,-8.110332489E-2,8.180097714E-2
3.667718449E0,-1.222610474E-3,2.715195715E-2,1.923465729E-2,3.329708087E-2
3.672413344E0,-5.943596363E-3,-2.058491111E-2,2.144718170E-2,3.031577982E-2
3.677108188E0,-1.133680344E-3,-8.573681116E-3,2.285003662E-3,8.945081371E-3
3.681803084E0,-3.481805325E-3,-1.324523985E-2,4.260635376E-2,4.475333203E-2
3.686497928E0,-3.467112780E-3,-1.078593731E-2,2.326774597E-2,2.587943812E-2
3.691192824E0,8.411139250E-3,3.546267748E-3,-3.028869629E-3,9.617553205E-3
3.695887667E0,-1.107662916E-3,-1.549103856E-2,4.117012024E-3,1.606701531E-2
3.700582563E0,-1.057678461E-2,-2.013093233E-2,-3.036499023E-3,2.294216937E-2
3.705277459E0,1.088118553E-2,-1.046741009E-2,-6.361007690E-4,1.511196535E-2
3.709972303E0,-5.805075169E-3,-1.746708155E-2,-5.375862122E-3,1.917544599E-2
3.714667199E0,-3.369927406E-3,-2.443590760E-2,6.533622742E-3,2.551780197E-2
3.719362042E0,6.163567305E-3,-1.713761687E-2,-1.013088226E-2,2.084039945E-2
3.724056938E0,1.327440143E-2,-7.500529289E-3,4.191398621E-3,1.581251072E-2
3.728751782E0,1.370429993E-3,-2.170002460E-2,1.127624512E-2,2.449332256E-2
3.733446678E0,-1.051971316E-2,6.931453943E-3,2.304649353E-2,2.626500110E-2
3.738141574E0,-8.043885231E-3,-2.139806747E-4,1.336288452E-2,1.559860763E-2
3.742836417E0,-5.645811558E-3,-9.700238705E-3,1.087760925E-2,1.562984972E-2
3.747531313E0,1.336997747E-2,6.966829300E-3,3.667831421E-3,1.551599161E-2
3.752226157E0,1.327246428E-2,-7.324278355E-3,-3.480911255E-3,1.555378104E-2
3.756921053E0,-1.767101884E-2,-1.128315926E-4,-1.077651978E-3,1.770420774E-2
3.761615949E0,-1.276341081E-2,1.884645224E-2,-3.442764282E-3,2.302055697E-2
3.766310792E0,-1.738819480E-2,6.800293922E-3,-2.002334595E-2,2.737750352E-2
3.771005688E0,-6.185173988E-4,-3.432631493E-4,-1.036453247E-2,1.038864412E-2
3.775700532E0,8.892059326E-3,1.630222797E-2,2.057075500E-2,2.771258410E-2
3.780395428E0,1.714617014E-3,2.088668942E-2,-1.993942261E-2,2.892705102E-2
3.785090271E0,-2.435782552E-2,8.850947022E-3,-1.502799988E-2,2.995803244E-2
3.789785167E0,-7.530093193E-3,3.488242626E-2,6.454467773E-3,3.626494340E-2
3.794480011E0,-1.934537292E-2,2.747659385E-2,6.401062012E-3,3.420789759E-2
3.799174907E0,-2.631646395E-2,3.914377093E-2,6.347656250E-3,4.759289671E-2
3.803869803E0,-1.899212599E-2,1.512047648E-2,3.921508789E-3,2.459080905E-2
3.808564646E0,1.645386219E-4,1.027970016E-2,-5.601882935E-3,1.170813396E-2
3.813259542E0,-4.540503025E-3,1.497231424E-2,-1.979064941E-2,2.522808288E-2
3.817954386E0,-1.397958398E-2,-6.476655602E-3,1.834011078E-2,2.395277644E-2
3.822649282E0,3.591775894E-4,2.677448094E-2,3.716850281E-2,4.580938156E-2
3.827344178E0,-3.762426972E-2,1.471944153E-2,-3.195285797E-2,5.150954051E-2
3.832039021E0,1.016080379E-2,4.539208114E-2,8.695602417E-2,9.861558246E-2
3.836733917E0,2.914905548E-3,4.513102770E-2,-1.842746735E-1,1.897431464E-1
3.841428761E0,-2.073889971E-2,1.862852275E-2,1.162462234E-1,1.195420775E-1
3.846123657E0,-6.258398294E-3,3.963588178E-2,2.339191437E-1,2.373359148E-1
3.850818501E0,-4.667255282E-2,3.962045908E-2,-4.039583206E-1,4.085712089E-1
3.855513396E0,-2.983033657E-2,-1.101955324E-1,2.519474030E-1,2.766051305E-1
3.860208292E0,3.935723007E-2,1.442881823E-1,2.450971603E-1,2.871248667E-1
3.864903136E0,-3.225558996E-2,-1.838319749E-1,-8.555793762E-1,8.757001125E-1
3.869598032E0,9.856387973E-2,1.518009603E-1,1.151879311E0,1.166012142E0
3.874292876E0,-6.834676862E-2,-1.434414834E-1,-7.204256058E-1,7.377396515E-1
3.878987771E0,-3.222373128E-2,9.930089116E-3,-2.184829712E-1,2.210696366E-1
3.883682667E0,9.630513191E-2,-4.528687894E-2,8.345146179E-1,8.412729803E-1
3.888377511E0,-7.778796554E-2,-4.459530115E-2,-7.907400131E-1,7.958074370E-1
3.893072407E0,8.171686530E-2,-1.083046198E-2,1.341562271E-1,1.574574173E-1
3.897767251E0,-1.832902431E-2,-7.274138927E-2,4.391393661E-1,4.455004442E-1
3.902462146E0,8.517801762E-4,-7.868438959E-3,-4.923105240E-1,4.923741361E-1
3.907157042E0,1.501262188E-2,-5.282843113E-2,1.904363632E-1,1.981974530E-1
3.911851886E0,1.012811065E-2,-1.218685508E-2,1.271514893E-1,1.281350822E-1
3.916546782E0,-2.078706026E-2,-1.906150579E-2,-2.393283844E-1,2.409844776E-1
3.921241626E0,8.629412949E-2,-9.408384562E-3,1.162300110E-1,1.450676047E-1
3.925936521E0,-3.760123253E-2,-1.630544662E-2,-2.216787338E-1,2.254355369E-1
3.930631365E0,7.924377918E-3,2.465546131E-4,3.425397873E-1,3.426315257E-1
3.935326261E0,-1.605281234E-2,-5.206909776E-2,1.118812561E-1,1.244439600E-1
3.940021157E0,-3.050810099E-2,1.274599135E-2,-3.114271164E-1,3.131773513E-1
3.944716001E0,2.671061456E-2,-5.865684152E-2,2.274370193E-1,2.363930620E-1
3.949410896E0,1.249122620E-2,3.884132206E-2,7.604885101E-2,8.630241464E-2
3.954105740E0,-3.039416671E-2,-6.394952536E-3,-3.232259750E-1,3.247148468E-1
3.958800636E0,-1.764595509E-3,3.880311549E-2,8.048439026E-2,8.936740258E-2
3.963495480E0,3.066927195E-3,-2.807036042E-2,3.235530853E-2,4.294434965E-2
3.968190376E0,-1.546472311E-3,3.860549629E-2,-4.146957397E-2,5.667893335E-2
3.972885271E0,1.274654269E-2,1.224206388E-2,2.294731140E-2,2.896414299E-2
3.977580115E0,-1.693874598E-3,2.878044546E-2,1.326179504E-2,3.173418440E-2
3.982275011E0,-4.093080759E-3,-4.762470722E-3,4.636859894E-2,4.679189465E-2
3.986969855E0,-2.308243513E-2,2.607022226E-2,3.886127472E-2,5.217905684E-2
3.991664751E0,-1.631051302E-3,2.591143548E-2,-6.112384796E-2,6.640924338E-2
3.996359646E0,-4.030764103E-3,2.089527249E-2,5.565357208E-2,5.958338323E-2
4.001054490E0,-2.059206367E-2,2.538494766E-2,-2.311611176E-2,4.003477584E-2
4.005749386E0,-6.111383438E-3,4.658856988E-2,-6.800556183E-2,8.265954446E-2
4.010444230E0,-2.025422454E-2,2.719180286E-2,4.646110535E-2,5.751749355E-2
4.015139126E0,-1.087039709E-3,2.931259573E-2,5.734443665E-3,2.988802047E-2
4.019833969E0,3.710597754E-3,1.960854232E-2,-3.465080261E-2,3.998676768E-2
4.024528865E0,1.086801291E-2,1.945015788E-2,7.479286194E-2,7.804097990E-2
4.029223761E0,-1.768398285E-2,2.641174197E-2,-1.362705231E-2,3.458323175E-2
4.033918605E0,1.089471579E-2,2.859778702E-2,-4.673290253E-2,5.586136799E-2
4.038613501E0,8.415997028E-3,-7.256969810E-3,6.992721558E-2,7.080471803E-2
4.043308344E0,-2.251735330E-2,2.362853289E-2,1.002120972E-2,3.414327767E-2
4.048003240E0,-5.706369877E-3,2.137184143E-3,-1.616287231E-2,1.727335100E-2
4.052698084E0,6.190538406E-3,6.870165467E-3,3.380298615E-2,3.504516816E-2
4.057392980E0,-1.048627496E-2,2.043947577E-3,-1.868247986E-2,2.152149479E-2
4.062087876E0,-5.638509989E-3,-2.687096596E-3,-1.615428925E-2,1.731976744E-2
4.066782719E0,-1.038056612E-2,-2.868026495E-4,1.957416534E-2,2.215821197E-2
4.071477615E0,1.584261656E-3,2.092733979E-3,7.547378540E-3,7.990766129E-3
4.076172459E0,1.583516598E-3,-2.402062714E-2,3.662109375E-4,2.407555116E-2
4.080867355E0,8.730381727E-3,-2.856120467E-2,2.409267426E-2,3.837211136E-2
4.085562251E0,3.952562809E-3,-1.882584393E-2,1.440143585E-2,2.402990859E-2
4.090257094E0,6.333947182E-3,-3.052835166E-2,1.190948486E-2,3.337566437E-2
4.094951990E0,8.667230606E-3,-2.312205732E-2,7.066726685E-3,2.568441253E-2
4.099646834E0,3.834903240E-3,-2.767087519E-2,-1.434993744E-2,3.140548553E-2
4.104341730E0,2.277240157E-2,-3.218251467E-2,-1.185703278E-2,4.116899015E-2
4.109036626E0,3.641694784E-3,-1.292702556E-2,1.068115234E-4,1.343061202E-2
4.113731469E0,1.308855414E-2,-1.044216752E-2,-7.012367249E-3,1.815275204E-2
4.118426365E0,1.536697149E-2,-1.037985086E-2,2.389240265E-2,3.024453705E-2
4.123121209E0,-1.385599375E-3,-1.743596792E-2,7.083892822E-3,1.887099363E-2
4.127816105E0,-6.133466959E-3,-1.254141331E-2,1.651477814E-2,2.162508640E-2
4.132510949E0,8.170247078E-3,-5.277314782E-2,1.163196564E-2,5.465400894E-2
4.137205844E0,-1.083806157E-2,-1.910951734E-2,-5.074501038E-3,2.254745645E-2
4.141900740E0,-1.313281059E-2,-2.132117748E-2,1.157855988E-2,2.758851885E-2
4.146595584E0,3.602087498E-3,4.960954189E-3,-2.754211426E-3,6.720995565E-3
4.151290480E0,-1.101881266E-3,1.441390812E-2,-1.696681976E-2,2.229008440E-2
4.155985324E0,-5.794912577E-3,-1.892381907E-2,4.531860352E-3,2.030344055E-2
4.160680219E0,-3.330171108E-3,-6.898969412E-3,6.868362427E-3,1.028883963E-2
4.165375115E0,-1.275038719E-2,1.448900998E-2,-2.166271210E-2,2.901339137E-2
4.170069959E0,-3.165513277E-3,-4.640281200E-3,1.885604858E-2,1.967493970E-2
4.174764855E0,1.108452678E-2,4.865199327E-3,1.395130157E-2,1.847094242E-2
4.179459699E0,-7.974177599E-3,1.671856642E-2,-7.519721985E-3,1.999110278E-2
4.184154594E0,8.688807487E-3,-2.738833427E-5,1.152515411E-2,1.443347855E-2
4.188849490E0,-5.605578423E-3,1.181174815E-2,4.310607910E-3,1.376667150E-2
4.193544334E0,-3.172099590E-3,2.829952538E-2,-2.843856812E-3,2.861840097E-2
4.198239230E0,-7.906466722E-3,2.095007896E-2,6.671905518E-3,2.336519522E-2
4.202934074E0,-7.631182671E-4,1.125846803E-2,2.559566498E-2,2.797272810E-2
4.207628969E0,1.109403372E-2,1.591393352E-2,8.772850037E-3,2.129069660E-2
4.212323813E0,-1.514270902E-2,3.711329401E-2,-3.166198730E-3,4.020849466E-2
4.217018709E0,-1.022934914E-2,2.494463325E-2,1.584339142E-2,3.127119063E-2
4.221713605E0,-5.413383245E-3,2.239713073E-2,-2.700042725E-2,3.549590476E-2
4.226408449E0,1.119932532E-2,7.977455854E-3,1.830959320E-2,2.289772680E-2
4.231103344E0,-1.735541224E-2,1.737931371E-2,8.665084839E-3,2.604485697E-2
4.235798188E0,4.186600447E-3,2.198529243E-2,-5.643844604E-3,2.308102443E-2
4.240493084E0,1.131111383E-2,9.915232658E-3,-7.967948914E-3,1.702179029E-2
4.245187928E0,1.795709133E-3,2.167306840E-2,1.820182800E-2,2.835935486E-2
4.249882824E0,-5.324751139E-3,1.672349870E-2,2.279472351E-2,2.876852105E-2
4.254577719E0,-5.324393511E-3,1.187241077E-2,-1.536178589E-2,2.013176022E-2
4.259272563E0,1.768529415E-3,-7.206067443E-3,6.121635437E-3,9.619226825E-3
4.263967459E0,4.139125347E-3,-7.111981511E-3,6.072044373E-3,1.022655184E-2
4.268662303E0,-3.029763699E-3,-9.419798851E-3,-3.470420837E-3,1.048598585E-2
4.273357199E0,-1.957327127E-2,-9.336262941E-3,1.079654694E-2,2.422486697E-2
4.278052094E0,-7.531106472E-3,-1.397249103E-2,1.545333862E-2,2.215296244E-2
4.282746938E0,4.410624504E-3,-1.859828830E-2,-2.264022827E-2,2.962988141E-2
4.287441834E0,-3.862082958E-4,-3.030343354E-2,8.395195007E-3,3.144720242E-2
4.292136678E0,1.948028803E-3,-3.953890502E-2,-1.065826416E-2,4.099656597E-2
4.296831574E0,6.720393896E-3,-3.917765617E-2,1.553344727E-2,4.267716510E-2
4.301526469E0,-5.156457424E-3,-8.000969887E-3,1.168251038E-3,9.590066881E-3
4.306221313E0,-2.754211426E-3,-4.117938876E-2,-2.019786835E-2,4.594868469E-2
4.310916209E0,6.718397141E-3,-2.422249317E-2,6.072044373E-3,2.585992572E-2
4.315611053E0,6.648063660E-3,-2.641752362E-2,1.076507568E-2,2.929111058E-2
4.320305949E0,2.092859149E-2,-1.904621720E-2,-1.067638397E-2,3.024482611E-2
4.325000792E0,-5.588829517E-4,-4.258453846E-2,1.788902283E-2,4.619277437E-2
4.329695688E0,1.833975315E-3,-2.558851242E-2,8.248329163E-3,2.694754845E-2
4.334390584E0,6.579041481E-3,-8.761554956E-3,1.062393188E-3,1.100805666E-2
4.339085428E0,1.840396225E-2,-8.714020252E-3,8.172035217E-3,2.194133394E-2
4.343780324E0,1.117551327E-2,-2.047482133E-2,-6.132125854E-3,2.411873489E-2
4.348475167E0,1.112595201E-2,-2.267432213E-2,-8.452415466E-3,2.663371959E-2
4.353170063E0,-7.883310318E-4,-3.555297852E-3,5.855560303E-3,6.895592439E-3
4.357864907E0,6.323248148E-3,8.342266083E-3,5.806922913E-3,1.197068186E-2
4.362559803E0,2.526749671E-2,1.158356667E-3,1.012802124E-3,2.531430323E-2
4.367254699E0,1.320713758E-2,1.536129415E-2,5.750656128E-3,2.105867724E-2
4.371949542E0,3.592610359E-3,1.046203077E-2,3.328323364E-3,1.155156584E-2
4.376644438E0,-1.169174910E-3,2.227178216E-2,-6.190299988E-3,2.314560573E-2
4.381339282E0,-2.247250080E-2,1.734393835E-2,-1.800155640E-2,3.361371033E-2
4.386034178E0,-1.272264123E-2,1.954758167E-2,5.879402161E-3,2.405287756E-2
4.390729074E0,-1.025667787E-2,2.650608122E-2,-3.662109375E-3,2.865628775E-2
4.395423917E0,-1.018482447E-2,2.863337100E-2,8.231163025E-3,3.148575279E-2
4.400118813E0,-2.194902301E-2,4.260656238E-2,1.053524017E-2,4.907209038E-2
4.404813657E0,-2.769172192E-3,3.036314249E-2,-1.328086853E-2,3.325613034E-2
4.409508553E0,-3.868341446E-4,4.197803140E-2,1.767730713E-2,4.554988417E-2
4.414203449E0,-2.743303776E-3,2.739594877E-2,-3.825187683E-3,2.779740609E-2
4.418898292E0,6.784260273E-3,5.816742778E-3,-3.792762756E-3,9.708024172E-3
4.423593188E0,-5.094528198E-3,1.763696969E-2,-1.387596130E-3,1.841038675E-2
4.428288032E0,-2.636587620E-2,7.974505424E-3,-6.121635437E-3,2.821748722E-2
4.432982928E0,-7.149189711E-3,1.503098011E-2,-8.441925049E-3,1.866299481E-2
4.437677824E0,-9.504407644E-3,2.205613256E-2,-8.371353149E-3,2.543395961E-2
4.442372667E0,4.825264215E-3,5.238965154E-3,-1.183509827E-3,7.220154163E-3
4.447067563E0,-1.184085011E-2,9.918630123E-3,8.316993713E-3,1.754301398E-2
4.451762407E0,1.434376836E-2,7.468894124E-3,3.501892090E-3,1.654664070E-2
4.456457303E0,2.401262522E-3,7.411688566E-3,1.533794403E-2,1.720324726E-2
4.461152146E0,2.395153046E-3,-2.349326015E-2,8.092880249E-3,2.496326784E-2
4.465847042E0,2.389788628E-3,-2.092108130E-2,8.026123047E-3,2.253489258E-2
4.470541938E0,1.016259193E-5,-1.596768200E-2,-3.904342651E-3,1.643809184E-2
4.475236782E0,-9.524762630E-3,5.526348948E-3,3.245353699E-3,1.148015490E-2
4.479931678E0,1.189553738E-2,-3.010790050E-2,-1.527786255E-3,3.240869656E-2
4.484626521E0,1.415568590E-2,-2.748063207E-2,-6.261825562E-3,3.154011797E-2
4.489321417E0,1.170697808E-2,-4.382926226E-2,9.117126465E-4,4.537497973E-2
4.494016313E0,1.393970847E-2,-1.970267296E-2,8.022308350E-3,2.543360425E-2
4.498711157E0,2.092856169E-2,-2.193608880E-2,-8.655548096E-3,3.152959243E-2
4.503406053E0,8.961528540E-3,-3.838890791E-2,-1.463890076E-3,3.944819664E-2
4.508100896E0,8.929699659E-3,-2.145531774E-2,1.041316986E-2,2.546574762E-2
4.512795792E0,1.593208313E-2,-1.178148389E-2,5.580902100E-3,2.058594432E-2
4.517490688E0,1.341280341E-2,-1.408088207E-2,-6.332397461E-3,2.045174303E-2
4.522185532E0,2.992580831E-2,-3.057020903E-2,1.507759094E-2,4.535885174E-2
4.526880428E0,8.335083723E-3,-1.607462764E-2,-1.114845276E-2,2.126394303E-2
4.531575271E0,8.251994848E-3,-1.119139791E-2,7.926940918E-3,1.600559897E-2
4.536270167E0,3.396272659E-3,-2.058690786E-2,1.260566711E-2,2.437741346E-2
4.540965063E0,5.699694157E-3,-8.548200130E-3,3.007888794E-3,1.070540209E-2
4.545659907E0,1.041328907E-2,9.891092777E-4,1.010131836E-2,1.454137404E-2
4.550354803E0,-1.523286104E-3,8.074790239E-3,1.001739502E-2,1.295649802E-2
4.555049646E0,5.595117807E-3,8.038491011E-3,5.188941956E-3,1.108367266E-2
4.559744542E0,-6.329536438E-3,2.455697954E-2,-1.975059509E-3,2.543637426E-2
4.564439386E0,1.506555080E-2,2.670051157E-2,-4.332542419E-3,3.096221993E-2
4.569134282E0,-1.592040062E-2,3.597229719E-2,-2.802562714E-2,4.830011488E-2
4.573829178E0,-1.566088200E-2,3.802143037E-2,8.136367798E-2,9.116435974E-2
4.578524021E0,1.008987427E-3,4.482747614E-2,-2.134990692E-2,4.966225124E-2
4.583218917E0,-3.712180257E-2,2.790527046E-2,-4.727649689E-2,6.627065341E-2
4.587913761E0,-8.408665657E-3,3.951315582E-2,2.904701233E-2,4.975664846E-2
4.592608657E0,1.303124428E-2,4.156100750E-2,-2.339744568E-2,4.944260446E-2
4.597303501E0,8.275508881E-3,5.785736442E-2,-5.404663086E-2,7.960525719E-2
4.601998396E0,-2.734383941E-2,2.178549767E-2,-1.392364502E-3,3.498902887E-2
4.606693292E0,-2.947497368E-2,3.581728041E-2,3.364562988E-3,4.650776208E-2
4.611388136E0,-1.260456443E-2,-4.267692566E-5,-1.564598083E-2,2.009162965E-2
4.616083032E0,4.208534956E-3,2.606442571E-2,2.719974518E-2,3.790636083E-2
4.620777876E0,-9.994179010E-3,1.158672571E-2,5.307483673E-2,5.523652886E-2
4.625472771E0,-1.467239857E-2,4.349067807E-3,5.025863647E-2,5.253688429E-2
4.630167667E0,-1.230525970E-2,-9.891197085E-3,1.661777496E-2,2.292172858E-2
4.634862511E0,-2.782702446E-3,-7.402598858E-3,-4.521751404E-2,4.590387215E-2
4.639557407E0,1.632219553E-2,-4.963740706E-3,1.685714722E-2,2.398366530E-2
4.644252251E0,2.048194408E-3,-7.291749120E-3,-2.361965179E-2,2.480428706E-2
4.648947146E0,-3.553926945E-4,-1.426140964E-2,-4.477691650E-2,4.699453543E-2
4.653642042E0,1.977860928E-3,-3.072020411E-2,1.491832733E-2,3.420817687E-2
4.658336886E0,9.066402912E-3,-4.469798505E-2,2.903175354E-2,5.406433430E-2
4.663031782E0,3.739535809E-2,-1.344628632E-2,2.686500549E-3,3.983004780E-2
4.667726626E0,1.565840840E-2,-2.519585192E-2,3.113746643E-2,4.300649397E-2
4.672421521E0,2.732150257E-2,-2.738276124E-2,3.087520599E-2,4.949301426E-2
4.677116365E0,1.041281223E-2,-2.709379792E-2,-3.819561005E-2,4.797296292E-2
4.681811261E0,3.647059202E-2,-2.446332574E-2,-2.126502991E-2,4.879303112E-2
4.686506157E0,2.671797574E-2,-4.326725006E-2,-2.103805542E-3,5.089529598E-2
4.691201001E0,1.941952109E-2,-1.442858577E-2,-2.106761932E-2,3.208031282E-2
4.695895896E0,2.161625028E-2,-2.854138613E-2,-2.089214325E-2,4.145304148E-2
4.700590740E0,2.856935561E-2,-3.781977296E-2,3.148555756E-2,5.690240453E-2
4.705285636E0,2.600122988E-2,-1.614516973E-2,7.494926453E-3,3.151038533E-2
4.709980532E0,-3.025531769E-4,6.313323975E-4,1.692581177E-2,1.694028403E-2
4.714675376E0,-7.460564375E-3,-6.517291069E-3,1.440906525E-2,1.748588759E-2
4.719370271E0,1.159998775E-2,6.019473076E-4,-7.068634033E-3,1.359733957E-2
4.724065115E0,1.394727826E-2,1.243661344E-2,-3.548145294E-2,4.010148909E-2
4.728760011E0,-9.882450104E-3,4.713237286E-4,-2.332115173E-2,2.533300385E-2
4.733454907E0,-1.927635074E-2,5.215883255E-3,6.027221680E-4,1.997864885E-2
4.738149751E0,-4.523029923E-2,1.703956723E-2,7.716178894E-3,4.894554359E-2
4.742844646E0,-2.353861928E-2,9.809926152E-3,1.477050781E-2,2.946980064E-2
4.747539490E0,-2.572900057E-2,1.447747648E-2,5.157470703E-3,2.996962294E-2
4.752234386E0,-2.787286043E-2,2.145078778E-2,-4.377365112E-3,3.544282678E-2
4.756929282E0,-2.530959249E-2,1.415689290E-2,-1.857948303E-2,3.444111319E-2
4.761624126E0,-2.271115780E-2,3.299728036E-2,-2.554225922E-2,4.750814883E-2
4.766319021E0,-3.495991230E-3,3.035292029E-2,1.026439667E-2,3.223165469E-2
4.771013865E0,-4.616487026E-2,3.485000134E-2,1.017951965E-2,5.873108597E-2
4.775708761E0,-5.427271128E-3,2.504408360E-2,1.484012604E-2,2.961234094E-2
4.780403605E0,-1.014143229E-2,2.958466113E-2,4.796981812E-4,3.127828213E-2
4.785098501E0,-2.952575684E-3,1.507686079E-2,-9.016990662E-3,1.781391464E-2
4.789793396E0,-1.246136427E-2,2.681916952E-2,-8.942604065E-3,3.089536568E-2
4.794488240E0,-5.252510309E-3,1.713588834E-2,-1.124095917E-2,2.115624486E-2
4.799183136E0,6.698518991E-3,1.459546387E-2,7.181167603E-4,1.607524227E-2
4.803877980E0,4.311949015E-3,2.585455775E-3,7.831573486E-3,9.306504668E-3
4.808572876E0,-5.201607943E-3,4.941090941E-3,7.767677307E-3,1.057392622E-2
4.813267771E0,2.092981339E-2,2.148535848E-2,-1.789093018E-3,3.004793788E-2
4.817962615E0,4.102617502E-3,1.184731722E-2,-1.773834229E-3,1.266242013E-2
4.822657511E0,3.250116110E-2,2.596114576E-2,5.358695984E-3,4.194069843E-2
4.827352355E0,3.797858953E-3,4.421383142E-3,-4.176139832E-3,7.170251419E-3
4.832047251E0,2.276387811E-2,-1.219388843E-2,1.009654999E-2,2.772770065E-2
4.836742146E0,2.493201196E-2,4.522949457E-3,5.207061768E-4,2.534429773E-2
4.841436990E0,2.233633399E-2,-1.449277997E-2,1.475334167E-2,3.044032815E-2
4.846131886E0,1.267257333E-2,-1.671233773E-2,-1.978874207E-3,2.106685288E-2
4.850826730E0,1.732592285E-2,-1.419517398E-2,-4.334449768E-3,2.281398741E-2
4.855521626E0,2.428583801E-2,-2.359236777E-2,-6.672859192E-3,3.450983620E-2
4.860216521E0,2.740681171E-3,-9.153425694E-3,5.249977112E-3,1.090223807E-2
4.864911365E0,3.306567669E-4,-2.571126819E-2,4.587173462E-4,2.571748563E-2
4.869606261E0,-1.152408123E-2,-1.837258041E-2,1.943969727E-2,2.912486891E-2
4.874301105E0,1.465865970E-2,-1.581330597E-2,-2.079010010E-3,2.166239212E-2
4.878996001E0,2.713501453E-3,-2.751269937E-2,-6.806373596E-3,2.847171295E-2
4.883690896E0,-2.041667700E-3,-5.922436714E-3,-4.374504089E-3,7.640677304E-3
4.888385740E0,-6.700068712E-3,-2.247902751E-2,-1.963615417E-3,2.353833860E-2
4.893080636E0,-8.974939585E-3,-2.706143260E-2,-1.143741608E-2,3.071945900E-2
4.897775480E0,-8.884847164E-3,-1.736983657E-2,1.001358032E-2,2.192996859E-2
4.902470376E0,-2.540570498E-2,-6.121397018E-4,4.396438599E-4,2.541688114E-2
4.907165219E0,-8.568465710E-3,-3.005415201E-3,-4.309654236E-3,1.005108177E-2
4.911860115E0,-1.554393768E-2,-3.382509947E-2,7.592201233E-3,3.799201064E-2
4.916555011E0,-3.198102117E-2,9.199663997E-3,9.903907776E-3,3.472041074E-2
4.921249855E0,-1.749083400E-2,-2.766102552E-3,-2.043724060E-3,1.782575118E-2
4.925944751E0,-1.261150837E-2,-7.515072823E-3,3.452301025E-4,1.468487816E-2
4.930639594E0,-1.489222050E-2,1.156161726E-2,1.220607758E-2,2.245968732E-2
4.935334490E0,-1.718217134E-2,1.858666539E-2,-1.162528992E-2,2.785387779E-2
4.940029334E0,-1.470726728E-2,6.570100784E-3,-6.784439087E-3,1.747851679E-2
4.944724230E0,-3.596246243E-4,1.129133999E-2,2.764701843E-3,1.163044561E-2
4.949419126E0,9.150207043E-3,1.360113919E-2,-1.149463654E-2,2.002108751E-2
4.954113969E0,1.858152449E-2,1.586264372E-2,-4.279136658E-3,2.480337736E-2
4.958808865E0,-5.315065384E-3,3.812313080E-3,9.991645813E-3,1.194222078E-2
4.963503761E0,1.604402065E-2,2.511100471E-2,7.534027100E-3,3.073653723E-2
4.968198605E0,2.538819611E-2,2.730640769E-2,-2.019882202E-3,3.734006329E-2
4.972893501E0,1.092571020E-2,2.470947802E-2,5.116462708E-3,2.749741148E-2
4.977588344E0,6.103485823E-3,1.976132393E-2,2.168369293E-2,2.996573046E-2
4.982283240E0,2.030310035E-2,2.909320593E-2,-2.223968506E-3,3.554682195E-2
4.986978084E0,2.014780045E-2,9.871989489E-3,-9.323120117E-3,2.429630853E-2
4.991672980E0,8.129388094E-3,2.877706289E-2,-1.873683929E-2,3.528846053E-2
4.996367876E0,-8.506357670E-3,4.840955138E-3,-4.341125488E-3,1.070692944E-2
5.001062719E0,1.290541887E-2,1.904295385E-2,9.931564331E-3,2.505633448E-2
5.005757615E0,3.319501877E-3,2.123391628E-2,7.475852966E-3,2.275492630E-2
5.010452459E0,-1.440733671E-3,-1.687586308E-2,-4.449844360E-3,1.751204108E-2
5.015147355E0,8.075982332E-3,-9.177625179E-5,-1.152992249E-2,1.407725208E-2
5.019842251E0,9.032189846E-4,-1.142323017E-4,1.229476929E-2,1.232843078E-2
5.024537094E0,-1.098522544E-2,1.410230994E-2,-2.045631409E-3,1.799263548E-2
5.029231990E0,8.131533861E-3,-1.205615699E-2,-2.025604248E-3,1.468250105E-2
5.033926834E0,-6.130665541E-3,-1.192393899E-2,-2.006530762E-3,1.355697410E-2
5.038621730E0,-2.264830470E-2,-4.700869322E-3,-1.988410950E-3,2.321632306E-2
5.043316626E0,-1.060882211E-2,-9.403958917E-3,-9.090423584E-3,1.684094269E-2
5.048011469E0,-1.768162847E-2,-2.361509204E-2,1.471042633E-2,3.296527264E-2
5.052706365E0,1.434475183E-3,-6.832078099E-3,5.096435547E-3,8.643417466E-3
5.057401209E0,-3.337591887E-3,-2.815507352E-2,-4.439353943E-3,2.869765754E-2
5.062096105E0,-5.725264549E-3,-4.218171537E-2,-6.777763367E-3,4.310468469E-2
5.066790949E0,-1.992848516E-2,-2.524471283E-2,-4.348754883E-3,3.245538038E-2
5.071485844E0,-1.265737414E-2,-1.553928852E-2,-6.686210632E-3,2.112780208E-2
5.076180740E0,1.593729854E-2,-5.886495113E-3,2.184581757E-2,2.767468255E-2
5.080875584E0,1.344621181E-2,-8.178561926E-3,9.800910950E-3,1.854042456E-2
5.085570480E0,8.574754000E-3,8.475050330E-3,-1.163673401E-2,1.675608733E-2
5.090265324E0,-5.690425634E-3,-2.481314540E-2,2.697944641E-3,2.559984441E-2
5.094960219E0,-8.536577225E-4,-3.275901079E-3,3.032684326E-4,3.398857327E-3
5.099655115E0,-8.305311203E-4,-3.274857998E-3,-6.818771362E-3,7.609869890E-3
5.104349959E0,1.814724505E-2,-8.019596338E-3,-9.135246277E-3,2.184237059E-2
5.109044855E0,1.326626539E-2,-1.038014889E-2,1.229572296E-2,2.085488172E-2
5.113739699E0,1.317101717E-2,-1.506486535E-2,-9.161949158E-3,2.200834327E-2
5.118434594E0,1.782302558E-2,-7.818698883E-3,-3.755950928E-2,4.230258893E-2
5.123129490E0,1.531550288E-2,-3.031730652E-3,3.092765808E-3,1.591606797E-2
5.127824334E0,2.229288220E-2,1.835298538E-2,7.812500000E-3,2.991387346E-2
5.132519230E0,-1.662880182E-3,8.711263537E-3,-8.863449097E-3,1.253842146E-2
5.137214074E0,1.023069024E-2,-8.783042431E-4,1.019287109E-2,1.446834691E-2
5.141908969E0,5.442500114E-3,1.805910468E-2,7.735252380E-3,2.038593139E-2
5.146603865E0,6.935298443E-4,2.977727354E-2,1.004409790E-2,3.143327704E-2
5.151298709E0,7.848531008E-3,2.481588721E-2,7.589340210E-3,2.711135891E-2
5.155993605E0,-1.750975847E-3,2.695800364E-2,1.226997375E-2,2.967072855E-2
5.160688449E0,1.251551509E-2,1.958996058E-2,7.422447205E-3,2.440281532E-2
5.165383344E0,5.334705114E-3,2.889426053E-2,-4.502296448E-3,2.972554530E-2
5.170078240E0,1.242351532E-2,1.207505167E-2,7.400512695E-3,1.883927264E-2
5.174773084E0,-2.331584692E-2,3.096176684E-2,2.193450928E-4,3.875961604E-2
5.179467980E0,-1.836189628E-2,9.352087975E-3,-6.900787354E-3,2.173112170E-2
5.184162824E0,-2.768650651E-2,1.636883616E-2,7.394790649E-3,3.300249034E-2
5.188857719E0,-3.684818745E-3,1.971155405E-3,7.333755493E-3,8.440812310E-3
5.193552615E0,-2.265149355E-2,1.856920123E-2,-4.591941833E-3,2.964778785E-2
5.198247459E0,-1.533091068E-2,2.319349349E-2,1.926422119E-4,2.780309467E-2
5.202942355E0,-2.708262205E-2,2.300524712E-2,-1.167297363E-2,3.740278232E-2
5.207637199E0,-1.497933269E-2,8.581280708E-3,2.889633179E-4,1.726563888E-2
5.212332094E0,-1.958566904E-2,1.091441512E-2,-9.203910828E-3,2.423705559E-2
5.217026938E0,1.143893600E-2,1.336202025E-3,-4.380226135E-3,1.232156944E-2
5.221721834E0,-5.069077015E-4,6.046861410E-3,2.175712585E-2,2.258747471E-2
5.226416730E0,-9.980350733E-3,1.254990697E-3,-2.350711823E-2,2.556886798E-2
5.231111574E0,6.698668003E-3,-2.242352068E-2,-1.144599915E-2,2.605182008E-2
5.235806469E0,-1.707208157E-2,-3.249302506E-3,1.712512970E-2,2.439844263E-2
5.240501313E0,6.783962250E-3,-2.931892872E-2,5.118370056E-3,3.052571763E-2
5.245196209E0,1.860575378E-2,-3.616072237E-2,2.702713013E-3,4.075630717E-2
5.249891105E0,1.371884346E-2,-2.399069071E-2,5.054473877E-3,2.809461893E-2
5.254585949E0,-7.793307304E-3,-2.853302658E-2,1.212882996E-2,3.196838689E-2
5.259280844E0,-2.968728542E-3,-1.879940927E-2,9.655952454E-3,2.134170930E-2
5.263975688E0,1.368078589E-2,-2.341325581E-2,7.203102112E-3,2.805760379E-2
5.268670584E0,-7.746309042E-3,-2.793216705E-2,-4.718780518E-3,2.936797830E-2
5.273365428E0,2.080741525E-2,-2.054898441E-2,6.675720215E-5,2.924403779E-2
5.278060324E0,6.467103958E-3,-2.749213576E-2,-1.179599762E-2,3.060696852E-2
5.282755219E0,1.589113474E-2,-2.488660812E-2,-2.206802368E-3,2.960981938E-2
5.287450063E0,1.574507356E-2,-2.230283618E-2,-9.306907654E-3,2.884341126E-2
5.292144959E0,1.085445285E-2,-1.262193918E-2,-4.483222961E-3,1.724041135E-2
5.296839803E0,1.552507281E-2,-1.251399517E-2,-1.868247986E-2,2.732513522E-2
5.301534699E0,8.264839649E-3,-1.480880380E-2,-4.289627075E-3,1.749311707E-2
5.306229594E0,1.120179892E-3,-5.218595266E-3,1.235675812E-2,1.346023814E-2
5.310924438E0,-6.050407887E-3,-1.469060779E-2,3.881454468E-4,1.589251552E-2
5.315619334E0,-5.956411362E-3,-7.446795702E-3,-1.147842407E-2,1.492272836E-2
5.320314178E0,8.345127106E-3,9.228959680E-3,2.855300903E-3,1.276587586E-2
5.325009074E0,-2.252832055E-2,1.152770221E-2,5.206108093E-3,2.583634468E-2
5.329703969E0,-1.043263078E-2,2.567167580E-2,-4.328727722E-3,2.804661490E-2
5.334398813E0,-7.957458496E-3,-3.014087677E-3,4.539489746E-4,8.521263986E-3
5.339093709E0,-1.265054941E-2,2.071514726E-2,-1.923561096E-3,2.434858956E-2
5.343788553E0,-1.724874973E-2,1.102702320E-2,-1.906394958E-3,2.056085965E-2
5.348483449E0,-5.113720894E-3,1.568514109E-2,2.859115601E-3,1.674360577E-2
5.353178344E0,-2.401134372E-2,3.219638765E-2,4.644393921E-4,4.016674879E-2
5.357873188E0,2.333343029E-3,2.484118938E-2,-6.656646729E-3,2.582324777E-2
5.362568084E0,-2.142995596E-2,2.463921905E-2,5.265235901E-3,3.307653000E-2
5.367262928E0,-1.177418232E-2,1.497487724E-2,7.593154907E-3,2.050693344E-2
5.371957824E0,-6.943196058E-3,2.671727538E-2,-1.961708069E-3,2.767433963E-2
5.376652719E0,-6.898254156E-3,1.937875152E-2,-6.691932678E-3,2.163108605E-2
5.381347563E0,5.008578300E-3,2.640366554E-3,-1.889228821E-3,5.968800354E-3
5.386042459E0,-1.637449861E-2,4.994764924E-3,-1.873016357E-3,1.722150027E-2
5.390737303E0,-1.986145973E-3,4.956662655E-3,5.263328552E-3,7.497726852E-3
5.395432199E0,9.907990694E-3,-2.226471901E-3,-6.646156311E-3,1.213659138E-2
5.400127094E0,1.695796847E-2,-2.231881022E-3,5.275726318E-3,1.789936524E-2
5.404821938E0,9.739428759E-3,-2.236500382E-3,7.604598999E-3,1.255740150E-2
5.409516834E0,2.153655887E-2,2.588644624E-3,1.466178894E-2,2.618191177E-2
5.414211678E0,4.732578993E-3,-1.166594028E-2,9.794235229E-3,1.595050188E-2
5.418906574E0,4.706323147E-3,-4.473268986E-3,9.712219238E-3,1.168275719E-2
5.423601469E0,2.369302511E-2,-1.866976917E-2,1.200485229E-2,3.246592365E-2
5.428296313E0,1.636260748E-2,-1.613701880E-2,4.787445068E-3,2.347462310E-2
5.432991209E0,6.747871637E-3,-2.314442396E-2,-4.744529724E-3,2.457048421E-2
5.437686053E0,1.903295517E-3,-1.342751086E-2,-2.131462097E-2,2.526328658E-2
5.442380949E0,4.274189472E-3,-1.805707812E-2,-4.526138306E-3,1.910007052E-2
5.447075792E0,-5.210816860E-3,-1.552942395E-2,1.924133301E-2,2.526943839E-2
5.451770688E0,4.337310791E-3,-1.542320848E-2,-2.275466919E-3,1.618225492E-2
5.456465584E0,1.942187548E-3,-5.798906088E-3,4.863739014E-3,7.813793028E-3
5.461160428E0,6.629168987E-3,-1.763895154E-2,2.447128296E-3,1.900176123E-2
5.465855324E0,1.605042815E-2,-1.514226198E-2,-2.320289612E-3,2.218756602E-2
5.470550167E0,8.784383535E-3,-1.029503345E-2,7.057189941E-5,1.353359111E-2
5.475245063E0,1.341506839E-2,-1.969724894E-2,2.441406250E-3,2.395633820E-2
5.479939959E0,-8.122771978E-3,1.769885421E-3,4.577636719E-5,8.313483896E-3
5.484634803E0,-1.993244886E-2,-2.987891436E-3,-7.074356079E-3,2.136063030E-2
5.489329699E0,-7.404088974E-4,-5.865991116E-4,-7.014274597E-3,7.077595070E-3
5.494024542E0,-7.838279009E-3,4.167556763E-3,9.655952454E-3,1.311657596E-2
5.498719438E0,-7.786571980E-3,1.763477921E-3,-2.288818359E-3,8.305374588E-3
5.503414334E0,-1.957082748E-2,8.870169520E-3,2.476692200E-3,2.162940591E-2
5.508109178E0,-9.958803654E-3,1.625403762E-3,4.826545715E-3,1.118549289E-2
5.512804074E0,-5.115449429E-3,-7.857084274E-4,9.531021118E-3,1.084553015E-2
5.517498917E0,-1.217684150E-2,1.106052101E-2,2.332687378E-3,1.661481340E-2
5.522193813E0,-1.211795211E-2,1.331727207E-2,-9.552955627E-3,2.038267548E-2
5.526888709E0,-4.938781261E-3,6.089627743E-3,9.508132935E-3,1.232394897E-2
5.531583553E0,2.179861069E-3,1.313205063E-2,1.654624939E-2,2.123631128E-2
5.536278449E0,2.176284790E-3,1.302613318E-2,2.171516418E-3,1.338401452E-2
5.540973292E0,4.517376423E-3,1.292109489E-2,4.527091980E-3,1.441721002E-2
5.545668188E0,2.107489109E-2,2.942863107E-2,2.115249634E-3,3.625837341E-2
5.550363084E0,4.246503115E-3,1.260574162E-2,4.471778870E-3,1.403332878E-2
5.555057928E0,4.197478294E-3,5.047032237E-2,-3.118515015E-4,5.064552809E-2
5.559752824E0,1.776009798E-3,9.714260697E-3,-1.454639435E-2,1.758177068E-2
5.564447667E0,1.691073179E-3,-4.572227597E-3,1.642131805E-2,1.712964332E-2
5.569142563E0,6.436616182E-3,1.919898391E-2,4.421234131E-3,2.072627130E-2
5.573837459E0,-5.468249321E-3,2.433836460E-3,2.011299133E-3,6.314319817E-3
5.578532303E0,6.482452154E-3,-1.181793213E-2,1.623344421E-2,2.110000988E-2
5.583227199E0,-1.016786695E-2,2.150519192E-2,1.861572266E-3,2.386051653E-2
5.587922042E0,-5.323469639E-3,-2.426788211E-3,-5.264282227E-4,5.874160084E-3
5.592616938E0,1.881003380E-3,-4.746168852E-3,4.226684570E-3,6.627907282E-3
5.597311834E0,4.252791405E-3,1.668107510E-2,-5.540847778E-4,1.722357428E-2
5.602006678E0,4.229813814E-3,-1.667247713E-2,1.606178284E-2,2.353388379E-2
5.606701574E0,-5.311280489E-3,-1.181176305E-2,1.355361938E-2,1.874641419E-2
5.611396417E0,1.808345318E-3,-1.879869401E-2,-5.541801453E-3,1.968178276E-2
5.616091313E0,-2.995073795E-3,-1.866599917E-2,-7.871627808E-3,2.047809846E-2
5.620786209E0,-5.840361118E-4,-1.375965774E-2,6.432533264E-3,1.520022248E-2
5.625481053E0,6.552636623E-3,-3.499588370E-2,8.752822876E-3,3.666416276E-2
5.630175949E0,-7.752865553E-3,-1.574590802E-2,1.560211182E-3,1.762029519E-2
5.634870792E0,-5.329728127E-3,-1.561041176E-2,1.546859741E-3,1.656755058E-2
5.639565688E0,-7.671803236E-3,-1.073107123E-2,6.279945374E-3,1.460993390E-2
5.644260532E0,-7.706224918E-3,-5.864113569E-3,-8.011817932E-3,1.256833151E-2
5.648955428E0,-5.311012268E-3,-1.287388802E-2,-1.506233215E-2,2.051384152E-2
5.653650324E0,-5.008128285E-2,-2.736419439E-3,-1.715269089E-1,1.787095503E-1
5.658345167E0,1.241484284E-2,3.632682562E-2,-1.202297211E-1,1.262099537E-1
5.663040063E0,-3.888875246E-3,-3.425529599E-2,5.639934540E-2,6.610170055E-2
5.667734907E0,5.135422945E-2,-1.653569937E-2,-3.354072571E-3,5.405493538E-2
5.672429803E0,2.125118673E-2,1.260638237E-3,-4.835224152E-2,5.283125406E-2
5.677124699E0,3.092467785E-3,-7.050454617E-3,-1.229858398E-2,1.450956358E-2
5.681819542E0,5.819797516E-3,-2.017921209E-2,-2.937316895E-4,2.100373591E-2
5.686514438E0,-1.085397601E-2,-1.689893007E-2,6.379508972E-2,6.688195650E-2
5.691209282E0,2.015429735E-2,-4.494130611E-3,1.012430191E-1,1.033273528E-1
5.695904178E0,3.728926182E-3,-1.994788647E-3,1.146478653E-1,1.147258344E-1
5.700599074E0,-8.011490107E-3,4.918843508E-3,6.860637665E-2,6.924748307E-2
5.705293917E0,-1.778879762E-2,-9.836077690E-3,5.140209198E-2,5.527535441E-2
5.709988813E0,1.022794843E-2,-1.511856914E-2,3.433036804E-2,3.888130954E-2
5.714683657E0,4.790157080E-3,5.576014519E-3,4.587173462E-2,4.645700786E-2
5.719378553E0,4.172414541E-3,9.345889091E-3,4.070377350E-2,4.197084539E-2
5.724073449E0,-3.587871790E-3,1.164197922E-3,1.422214508E-2,1.471385712E-2
5.728768292E0,-2.780821919E-2,2.597928047E-3,-9.664535522E-3,2.955417960E-2
5.733463188E0,5.447268486E-4,1.362572610E-2,-3.096961975E-2,3.383894926E-2
5.738158032E0,5.047768354E-3,2.475710213E-2,-4.022502899E-2,4.750207394E-2
5.742852928E0,-4.062655568E-2,4.552304745E-4,-7.313442230E-2,8.366222557E-2
5.747547824E0,1.828534901E-2,3.830881417E-2,-1.033945084E-1,1.117691531E-1
5.752242667E0,8.401155472E-3,1.194863021E-2,-7.623672485E-3,1.647633331E-2
5.756937563E0,1.814870536E-2,2.303794026E-3,5.177021027E-2,5.490753723E-2
5.761632407E0,8.745789528E-3,1.169563830E-2,-5.605697632E-3,1.564291008E-2
5.766327303E0,-3.187814355E-2,9.229555726E-3,-4.827690125E-2,5.858378555E-2
5.771022199E0,3.712207079E-3,2.104958892E-2,1.381301880E-2,2.544926646E-2
5.775717042E0,-5.739867687E-3,-9.969055653E-3,3.031063080E-2,3.242009394E-2
