sample,time_s,az_ms2
0,0.000000,-0.014365
1,0.004000,-0.004788
2,0.008000,0.047884
3,0.012000,0.038307
4,0.016000,0.119710
5,0.020000,-0.016759
6,0.024000,-0.009577
7,0.028000,0.043096
8,0.032000,-0.028730
9,0.036000,0.064643
10,0.040000,-0.014365
11,0.044000,0.004788
12,0.048000,0.043096
13,0.052000,-0.033519
14,0.056000,0.026336
15,0.060000,-0.019154
16,0.064000,-0.028730
17,0.068000,0.062249
18,0.072000,-0.021548
19,0.076000,-0.011971
20,0.080000,0.014365
21,0.084000,0.064643
22,0.088000,-0.014365
23,0.092000,-0.014365
24,0.096000,0.004788
25,0.100000,-0.009577
26,0.104000,0.057461
27,0.108000,0.023942
28,0.112000,-0.040701
29,0.116000,-0.004788
30,0.120000,0.004788
31,0.124000,-0.002394
32,0.128000,0.038307
33,0.132000,-0.026336
34,0.136000,-0.023942
35,0.140000,-0.009577
36,0.144000,0.028730
37,0.148000,-0.011971
38,0.152000,0.038307
39,0.156000,-0.009577
40,0.160000,-0.009577
41,0.164000,-0.090980
42,0.168000,0.043096
43,0.172000,-0.011971
44,0.176000,-0.045490
45,0.180000,0.002394
46,0.184000,-0.014365
47,0.188000,-0.069432
48,0.192000,0.033519
49,0.196000,0.033519
50,0.200000,-0.021548
51,0.204000,0.009577
52,0.208000,0.023942
53,0.212000,0.055067
54,0.216000,-0.011971
55,0.220000,-0.028730
56,0.224000,-0.023942
57,0.228000,0.055067
58,0.232000,0.045490
59,0.236000,0.023942
60,0.240000,-0.031125
61,0.244000,0.028730
62,0.248000,0.002394
63,0.252000,0.007183
64,0.256000,-0.026336
65,0.260000,0.007183
66,0.264000,-0.016759
67,0.268000,-0.019154
68,0.272000,0.002394
69,0.276000,0.026336
70,0.280000,0.011971
71,0.284000,0.021548
72,0.288000,0.050278
73,0.292000,0.028730
74,0.296000,0.011971
75,0.300000,0.011971
76,0.304000,-0.045490
77,0.308000,0.067038
78,0.312000,-0.047884
79,0.316000,0.043096
80,0.320000,0.129287
81,0.324000,-0.043096
82,0.328000,-0.009577
83,0.332000,-0.031125
84,0.336000,-0.002394
85,0.340000,0.014365
86,0.344000,0.016759
87,0.348000,0.026336
88,0.352000,0.026336
89,0.356000,-0.011971
90,0.360000,-0.014365
91,0.364000,0.031125
92,0.368000,0.040701
93,0.372000,0.002394
94,0.376000,-0.038307
95,0.380000,0.000000
96,0.384000,0.050278
97,0.388000,0.021548
98,0.392000,0.052672
99,0.396000,0.052672
100,0.400000,-0.016759
101,0.404000,0.028730
102,0.408000,-0.040701
103,0.412000,-0.002394
104,0.416000,0.016759
105,0.420000,0.004788
106,0.424000,0.040701
107,0.428000,0.016759
108,0.432000,-0.031125
109,0.436000,-0.069432
110,0.440000,0.007183
111,0.444000,0.031125
112,0.448000,0.002394
113,0.452000,0.016759
114,0.456000,-0.002394
115,0.460000,0.028730
116,0.464000,0.026336
117,0.468000,0.040701
118,0.472000,0.002394
119,0.476000,-0.035913
120,0.480000,-0.043096
121,0.484000,-0.002394
122,0.488000,0.047884
123,0.492000,-0.023942
124,0.496000,-0.011971
125,0.500000,0.002394
126,0.504000,-0.074220
127,0.508000,-0.026336
128,0.512000,-0.047884
129,0.516000,-0.011971
130,0.520000,-0.023942
131,0.524000,0.033519
132,0.528000,-0.009577
133,0.532000,0.004788
134,0.536000,-0.047884
135,0.540000,-0.004788
136,0.544000,-0.043096
137,0.548000,-0.002394
138,0.552000,-0.021548
139,0.556000,0.019154
140,0.560000,0.062249
141,0.564000,0.004788
142,0.568000,0.026336
143,0.572000,0.031125
144,0.576000,-0.021548
145,0.580000,0.076614
146,0.584000,-0.021548
147,0.588000,0.002394
148,0.592000,0.011971
149,0.596000,0.064643
150,0.600000,0.014365
151,0.604000,-0.069432
152,0.608000,-0.019154
153,0.612000,0.050278
154,0.616000,-0.059855
155,0.620000,-0.031125
156,0.624000,0.033519
157,0.628000,0.019154
158,0.632000,-0.026336
159,0.636000,0.021548
160,0.640000,-0.026336
161,0.644000,-0.011971
162,0.648000,0.028730
163,0.652000,-0.023942
164,0.656000,-0.011971
165,0.660000,-0.047884
166,0.664000,-0.004788
167,0.668000,0.040701
168,0.672000,-0.035913
169,0.676000,0.016759
170,0.680000,0.047884
171,0.684000,0.002394
172,0.688000,-0.016759
173,0.692000,0.086191
174,0.696000,-0.014365
175,0.700000,0.011971
176,0.704000,0.062249
177,0.708000,-0.016759
178,0.712000,0.062249
179,0.716000,0.043096
180,0.720000,0.019154
181,0.724000,0.050278
182,0.728000,0.021548
183,0.732000,-0.028730
184,0.736000,-0.028730
185,0.740000,-0.038307
186,0.744000,0.062249
187,0.748000,-0.057461
188,0.752000,0.062249
189,0.756000,0.043096
190,0.760000,0.021548
191,0.764000,0.026336
192,0.768000,-0.035913
193,0.772000,0.040701
194,0.776000,0.026336
195,0.780000,0.035913
196,0.784000,-0.004788
197,0.788000,0.023942
198,0.792000,0.033519
199,0.796000,0.004788
200,0.800000,0.038307
201,0.804000,0.026336
202,0.808000,0.007183
203,0.812000,0.031125
204,0.816000,0.067038
205,0.820000,-0.009577
206,0.824000,-0.016759
207,0.828000,-0.031125
208,0.832000,0.026336
209,0.836000,0.062249
210,0.840000,0.055067
211,0.844000,-0.028730
212,0.848000,-0.011971
213,0.852000,-0.055067
214,0.856000,-0.028730
215,0.860000,0.088585
216,0.864000,-0.038307
217,0.868000,-0.050278
218,0.872000,-0.050278
219,0.876000,-0.002394
220,0.880000,-0.071826
221,0.884000,0.023942
222,0.888000,0.021548
223,0.892000,-0.038307
224,0.896000,-0.052672
225,0.900000,0.026336
226,0.904000,-0.052672
227,0.908000,0.045490
228,0.912000,-0.021548
229,0.916000,0.033519
230,0.920000,0.009577
231,0.924000,-0.011971
232,0.928000,0.023942
233,0.932000,-0.064643
234,0.936000,0.011971
235,0.940000,-0.038307
236,0.944000,-0.014365
237,0.948000,-0.014365
238,0.952000,0.026336
239,0.956000,-0.031125
240,0.960000,0.074220
241,0.964000,0.026336
242,0.968000,0.045490
243,0.972000,-0.009577
244,0.976000,-0.019154
245,0.980000,0.028730
246,0.984000,0.035913
247,0.988000,-0.023942
248,0.992000,0.050278
249,0.996000,0.043096
250,1.000000,0.134075
251,1.004000,0.038307
252,1.008000,0.009577
253,1.012000,-0.047884
254,1.016000,0.009577
255,1.020000,0.026336
256,1.024000,0.021548
257,1.028000,-0.004788
258,1.032000,-0.031125
259,1.036000,-0.052672
260,1.040000,-0.002394
261,1.044000,0.000000
262,1.048000,0.038307
263,1.052000,0.009577
264,1.056000,0.023942
265,1.060000,-0.033519
266,1.064000,0.014365
267,1.068000,0.004788
268,1.072000,-0.052672
269,1.076000,0.000000
270,1.080000,-0.047884
271,1.084000,0.002394
272,1.088000,0.035913
273,1.092000,-0.026336
274,1.096000,-0.055067
275,1.100000,0.016759
276,1.104000,-0.019154
277,1.108000,-0.023942
278,1.112000,-0.011971
279,1.116000,-0.038307
280,1.120000,0.064643
281,1.124000,-0.067038
282,1.128000,0.033519
283,1.132000,-0.038307
284,1.136000,0.004788
285,1.140000,-0.016759
286,1.144000,-0.009577
287,1.148000,-0.023942
288,1.152000,0.011971
289,1.156000,0.004788
290,1.160000,0.011971
291,1.164000,0.052672
292,1.168000,-0.009577
293,1.172000,-0.014365
294,1.176000,-0.052672
295,1.180000,0.055067
296,1.184000,0.009577
297,1.188000,0.057461
298,1.192000,-0.035913
299,1.196000,0.057461
300,1.200000,0.035913
301,1.204000,0.016759
302,1.208000,-0.009577
303,1.212000,-0.023942
304,1.216000,-0.055067
305,1.220000,-0.045490
306,1.224000,0.040701
307,1.228000,-0.052672
308,1.232000,-0.026336
309,1.236000,0.035913
310,1.240000,0.028730
311,1.244000,-0.045490
312,1.248000,-0.016759
313,1.252000,-0.064643
314,1.256000,-0.028730
315,1.260000,0.035913
316,1.264000,0.040701
317,1.268000,0.023942
318,1.272000,0.009577
319,1.276000,0.081403
320,1.280000,-0.007183
321,1.284000,-0.023942
322,1.288000,0.028730
323,1.292000,-0.021548
324,1.296000,-0.052672
325,1.300000,-0.047884
326,1.304000,-0.014365
327,1.308000,-0.038307
328,1.312000,0.023942
329,1.316000,-0.021548
330,1.320000,0.045490
331,1.324000,-0.002394
332,1.328000,-0.052672
333,1.332000,0.050278
334,1.336000,-0.002394
335,1.340000,0.000000
336,1.344000,-0.011971
337,1.348000,-0.014365
338,1.352000,0.043096
339,1.356000,0.062249
340,1.360000,-0.004788
341,1.364000,0.047884
342,1.368000,-0.028730
343,1.372000,0.019154
344,1.376000,-0.038307
345,1.380000,0.019154
346,1.384000,-0.004788
347,1.388000,0.009577
348,1.392000,-0.002394
349,1.396000,-0.038307
350,1.400000,0.043096
351,1.404000,0.045490
352,1.408000,-0.031125
353,1.412000,0.028730
354,1.416000,0.031125
355,1.420000,0.019154
356,1.424000,-0.011971
357,1.428000,0.028730
358,1.432000,0.014365
359,1.436000,0.002394
360,1.440000,0.067038
361,1.444000,0.016759
362,1.448000,-0.045490
363,1.452000,0.000000
364,1.456000,-0.069432
365,1.460000,-0.026336
366,1.464000,0.014365
367,1.468000,0.038307
368,1.472000,-0.067038
369,1.476000,0.011971
370,1.480000,-0.028730
371,1.484000,0.069432
372,1.488000,0.026336
373,1.492000,-0.007183
374,1.496000,0.019154
375,1.500000,-0.045490
376,1.504000,0.059855
377,1.508000,0.033519
378,1.512000,0.026336
379,1.516000,0.009577
380,1.520000,0.050278
381,1.524000,0.033519
382,1.528000,0.026336
383,1.532000,-0.002394
384,1.536000,0.047884
385,1.540000,0.021548
386,1.544000,0.110133
387,1.548000,-0.059855
388,1.552000,-0.021548
389,1.556000,0.062249
390,1.560000,-0.023942
391,1.564000,-0.021548
392,1.568000,-0.021548
393,1.572000,0.004788
394,1.576000,-0.131681
395,1.580000,0.000000
396,1.584000,-0.043096
397,1.588000,0.043096
398,1.592000,0.050278
399,1.596000,0.019154
400,1.600000,0.026336
401,1.604000,-0.026336
402,1.608000,0.050278
403,1.612000,-0.019154
404,1.616000,0.002394
405,1.620000,0.059855
406,1.624000,-0.026336
407,1.628000,0.009577
408,1.632000,0.007183
409,1.636000,-0.038307
410,1.640000,0.009577
411,1.644000,-0.040701
412,1.648000,-0.016759
413,1.652000,-0.002394
414,1.656000,0.014365
415,1.660000,0.000000
416,1.664000,-0.004788
417,1.668000,-0.019154
418,1.672000,-0.028730
419,1.676000,0.038307
420,1.680000,0.040701
421,1.684000,-0.050278
422,1.688000,-0.026336
423,1.692000,-0.083797
424,1.696000,0.069432
425,1.700000,0.000000
426,1.704000,-0.019154
427,1.708000,0.026336
428,1.712000,-0.043096
429,1.716000,-0.045490
430,1.720000,-0.043096
431,1.724000,0.076614
432,1.728000,-0.047884
433,1.732000,-0.026336
434,1.736000,0.026336
435,1.740000,0.028730
436,1.744000,-0.019154
437,1.748000,-0.002394
438,1.752000,-0.023942
439,1.756000,0.031125
440,1.760000,0.050278
441,1.764000,-0.062249
442,1.768000,-0.004788
443,1.772000,0.004788
444,1.776000,-0.062249
445,1.780000,0.014365
446,1.784000,0.083797
447,1.788000,0.064643
448,1.792000,-0.064643
449,1.796000,0.057461
450,1.800000,-0.009577
451,1.804000,0.009577
452,1.808000,-0.016759
453,1.812000,0.014365
454,1.816000,0.002394
455,1.820000,-0.004788
456,1.824000,0.055067
457,1.828000,0.033519
458,1.832000,0.021548
459,1.836000,0.019154
460,1.840000,0.019154
461,1.844000,0.038307
462,1.848000,-0.007183
463,1.852000,-0.023942
464,1.856000,-0.021548
465,1.860000,0.052672
466,1.864000,0.014365
467,1.868000,-0.033519
468,1.872000,-0.009577
469,1.876000,-0.019154
470,1.880000,-0.023942
471,1.884000,0.062249
472,1.888000,-0.011971
473,1.892000,-0.028730
474,1.896000,0.038307
475,1.900000,0.038307
476,1.904000,-0.023942
477,1.908000,-0.043096
478,1.912000,0.007183
479,1.916000,0.002394
480,1.920000,-0.035913
481,1.924000,0.023942
482,1.928000,0.055067
483,1.932000,0.009577
484,1.936000,-0.026336
485,1.940000,0.011971
486,1.944000,0.050278
487,1.948000,0.079009
488,1.952000,0.016759
489,1.956000,0.040701
490,1.960000,-0.007183
491,1.964000,0.033519
492,1.968000,0.000000
493,1.972000,-0.043096
494,1.976000,0.026336
495,1.980000,0.040701
496,1.984000,0.000000
497,1.988000,-0.033519
498,1.992000,-0.004788
499,1.996000,0.009577
500,2.000000,-0.076614
501,2.004000,0.043096
502,2.008000,0.052672
503,2.012000,0.014365
504,2.016000,0.007183
505,2.020000,-0.009577
506,2.024000,0.004788
507,2.028000,-0.007183
508,2.032000,0.071826
509,2.036000,-0.057461
510,2.040000,-0.035913
511,2.044000,0.043096
512,2.048000,0.016759
513,2.052000,-0.040701
514,2.056000,0.062249
515,2.060000,-0.023942
516,2.064000,0.021548
517,2.068000,-0.004788
518,2.072000,0.007183
519,2.076000,-0.052672
520,2.080000,0.045490
521,2.084000,0.004788
522,2.088000,0.055067
523,2.092000,0.055067
524,2.096000,0.002394
525,2.100000,0.057461
526,2.104000,-0.045490
527,2.108000,-0.040701
528,2.112000,0.004788
529,2.116000,-0.002394
530,2.120000,-0.028730
531,2.124000,-0.052672
532,2.128000,0.035913
533,2.132000,-0.019154
534,2.136000,0.009577
535,2.140000,-0.011971
536,2.144000,-0.055067
537,2.148000,0.064643
538,2.152000,-0.028730
539,2.156000,-0.033519
540,2.160000,-0.021548
541,2.164000,0.021548
542,2.168000,-0.028730
543,2.172000,-0.050278
544,2.176000,0.016759
545,2.180000,-0.026336
546,2.184000,0.023942
547,2.188000,-0.019154
548,2.192000,0.031125
549,2.196000,0.011971
550,2.200000,-0.043096
551,2.204000,0.002394
552,2.208000,-0.057461
553,2.212000,0.009577
554,2.216000,0.007183
555,2.220000,0.071826
556,2.224000,-0.009577
557,2.228000,0.016759
558,2.232000,-0.079009
559,2.236000,-0.021548
560,2.240000,-0.009577
561,2.244000,-0.023942
562,2.248000,-0.002394
563,2.252000,-0.019154
564,2.256000,0.016759
565,2.260000,0.033519
566,2.264000,-0.019154
567,2.268000,0.067038
568,2.272000,0.009577
569,2.276000,0.028730
570,2.280000,-0.021548
571,2.284000,-0.019154
572,2.288000,0.045490
573,2.292000,0.031125
574,2.296000,-0.028730
575,2.300000,-0.031125
576,2.304000,0.059855
577,2.308000,-0.043096
578,2.312000,-0.081403
579,2.316000,0.000000
580,2.320000,0.021548
581,2.324000,-0.043096
582,2.328000,0.014365
583,2.332000,-0.019154
584,2.336000,-0.002394
585,2.340000,0.007183
586,2.344000,-0.055067
587,2.348000,0.014365
588,2.352000,-0.021548
589,2.356000,0.026336
590,2.360000,-0.011971
591,2.364000,-0.031125
592,2.368000,0.047884
593,2.372000,-0.009577
594,2.376000,0.019154
595,2.380000,0.074220
596,2.384000,0.083797
597,2.388000,0.004788
598,2.392000,0.014365
599,2.396000,0.011971
600,2.400000,0.045490
601,2.404000,-0.007183
602,2.408000,0.000000
603,2.412000,-0.033519
604,2.416000,0.000000
605,2.420000,-0.040701
606,2.424000,0.014365
607,2.428000,-0.002394
608,2.432000,-0.019154
609,2.436000,-0.014365
610,2.440000,0.007183
611,2.444000,-0.033519
612,2.448000,0.035913
613,2.452000,0.057461
614,2.456000,0.050278
615,2.460000,0.043096
616,2.464000,0.023942
617,2.468000,0.105345
618,2.472000,0.014365
619,2.476000,-0.043096
620,2.480000,-0.002394
621,2.484000,-0.002394
622,2.488000,-0.004788
623,2.492000,-0.019154
624,2.496000,-0.023942
625,2.500000,-0.050278
626,2.504000,-0.052672
627,2.508000,0.009577
628,2.512000,-0.038307
629,2.516000,-0.040701
630,2.520000,-0.014365
631,2.524000,-0.004788
632,2.528000,-0.004788
633,2.532000,0.002394
634,2.536000,-0.045490
635,2.540000,-0.023942
636,2.544000,0.028730
637,2.548000,0.064643
638,2.552000,-0.016759
639,2.556000,-0.011971
640,2.560000,-0.002394
641,2.564000,-0.014365
642,2.568000,-0.028730
643,2.572000,-0.011971
644,2.576000,-0.014365
645,2.580000,-0.038307
646,2.584000,-0.002394
647,2.588000,0.009577
648,2.592000,0.023942
649,2.596000,0.033519
650,2.600000,0.016759
651,2.604000,0.026336
652,2.608000,0.019154
653,2.612000,0.011971
654,2.616000,0.047884
655,2.620000,0.050278
656,2.624000,0.016759
657,2.628000,0.004788
658,2.632000,0.023942
659,2.636000,-0.035913
660,2.640000,0.026336
661,2.644000,0.019154
662,2.648000,0.007183
663,2.652000,-0.007183
664,2.656000,-0.014365
665,2.660000,0.004788
666,2.664000,0.000000
667,2.668000,-0.016759
668,2.672000,-0.033519
669,2.676000,0.028730
670,2.680000,-0.014365
671,2.684000,0.057461
672,2.688000,0.076614
673,2.692000,0.031125
674,2.696000,0.016759
675,2.700000,0.019154
676,2.704000,-0.011971
677,2.708000,-0.059855
678,2.712000,0.009577
679,2.716000,0.038307
680,2.720000,-0.016759
681,2.724000,-0.002394
682,2.728000,0.019154
683,2.732000,-0.100556
684,2.736000,-0.014365
685,2.740000,0.035913
686,2.744000,-0.023942
687,2.748000,-0.052672
688,2.752000,0.031125
689,2.756000,0.014365
690,2.760000,0.007183
691,2.764000,-0.004788
692,2.768000,0.004788
693,2.772000,-0.021548
694,2.776000,-0.004788
695,2.780000,0.011971
696,2.784000,-0.040701
697,2.788000,-0.031125
698,2.792000,-0.009577
699,2.796000,-0.019154
700,2.800000,-0.031125
701,2.804000,0.002394
702,2.808000,-0.023942
703,2.812000,0.043096
704,2.816000,-0.074220
705,2.820000,-0.040701
706,2.824000,0.045490
707,2.828000,0.002394
708,2.832000,0.043096
709,2.836000,-0.047884
710,2.840000,0.023942
711,2.844000,-0.052672
712,2.848000,0.026336
713,2.852000,0.040701
714,2.856000,0.050278
715,2.860000,-0.038307
716,2.864000,-0.028730
717,2.868000,0.014365
718,2.872000,0.019154
719,2.876000,0.038307
720,2.880000,-0.009577
721,2.884000,0.062249
722,2.888000,0.031125
723,2.892000,0.026336
724,2.896000,-0.009577
725,2.900000,-0.045490
726,2.904000,0.016759
727,2.908000,-0.035913
728,2.912000,0.011971
729,2.916000,-0.007183
730,2.920000,-0.014365
731,2.924000,0.014365
732,2.928000,0.011971
733,2.932000,-0.028730
734,2.936000,0.004788
735,2.940000,-0.023942
736,2.944000,0.043096
737,2.948000,-0.021548
738,2.952000,0.021548
739,2.956000,-0.002394
740,2.960000,-0.004788
741,2.964000,0.052672
742,2.968000,-0.067038
743,2.972000,0.028730
744,2.976000,0.102951
745,2.980000,-0.004788
746,2.984000,-0.007183
747,2.988000,-0.011971
748,2.992000,-0.004788
749,2.996000,0.038307
750,3.000000,0.002394
751,3.004000,0.000000
752,3.008000,-0.026336
753,3.012000,-0.002394
754,3.016000,0.007183
755,3.020000,-0.031125
756,3.024000,0.045490
757,3.028000,-0.026336
758,3.032000,-0.016759
759,3.036000,-0.079009
760,3.040000,-0.002394
761,3.044000,-0.047884
762,3.048000,0.014365
763,3.052000,0.014365
764,3.056000,0.035913
765,3.060000,-0.019154
766,3.064000,-0.014365
767,3.068000,0.057461
768,3.072000,-0.014365
769,3.076000,-0.040701
770,3.080000,0.047884
771,3.084000,0.059855
772,3.088000,-0.035913
773,3.092000,-0.019154
774,3.096000,-0.011971
775,3.100000,-0.011971
776,3.104000,-0.014365
777,3.108000,-0.009577
778,3.112000,0.011971
779,3.116000,-0.026336
780,3.120000,0.000000
781,3.124000,-0.026336
782,3.128000,-0.019154
783,3.132000,-0.028730
784,3.136000,0.016759
785,3.140000,-0.019154
786,3.144000,0.055067
787,3.148000,0.002394
788,3.152000,0.043096
789,3.156000,0.033519
790,3.160000,-0.026336
791,3.164000,0.045490
792,3.168000,-0.043096
793,3.172000,0.011971
794,3.176000,-0.016759
795,3.180000,0.021548
796,3.184000,-0.004788
797,3.188000,-0.011971
798,3.192000,-0.038307
799,3.196000,-0.028730
800,3.200000,0.057461
801,3.204000,0.021548
802,3.208000,-0.016759
803,3.212000,-0.023942
804,3.216000,-0.107739
805,3.220000,0.035913
806,3.224000,-0.004788
807,3.228000,-0.019154
808,3.232000,-0.050278
809,3.236000,-0.033519
810,3.240000,0.023942
811,3.244000,-0.038307
812,3.248000,0.059855
813,3.252000,0.021548
814,3.256000,0.019154
815,3.260000,0.059855
816,3.264000,-0.035913
817,3.268000,-0.009577
818,3.272000,0.047884
819,3.276000,-0.057461
820,3.280000,-0.047884
821,3.284000,0.064643
822,3.288000,0.016759
823,3.292000,-0.004788
824,3.296000,-0.002394
825,3.300000,-0.004788
826,3.304000,0.023942
827,3.308000,0.011971
828,3.312000,0.074220
829,3.316000,0.028730
830,3.320000,-0.007183
831,3.324000,-0.074220
832,3.328000,0.047884
833,3.332000,-0.004788
834,3.336000,0.002394
835,3.340000,-0.004788
836,3.344000,0.011971
837,3.348000,0.007183
838,3.352000,0.059855
839,3.356000,0.021548
840,3.360000,0.038307
841,3.364000,-0.002394
842,3.368000,-0.043096
843,3.372000,0.000000
844,3.376000,0.040701
845,3.380000,-0.009577
846,3.384000,-0.002394
847,3.388000,-0.023942
848,3.392000,-0.004788
849,3.396000,-0.021548
850,3.400000,-0.026336
851,3.404000,0.000000
852,3.408000,-0.011971
853,3.412000,0.011971
854,3.416000,-0.007183
855,3.420000,0.007183
856,3.424000,-0.009577
857,3.428000,-0.007183
858,3.432000,0.014365
859,3.436000,0.059855
860,3.440000,0.016759
861,3.444000,-0.031125
862,3.448000,0.000000
863,3.452000,0.009577
864,3.456000,0.009577
865,3.460000,-0.028730
866,3.464000,0.011971
867,3.468000,0.002394
868,3.472000,0.038307
869,3.476000,-0.004788
870,3.480000,-0.007183
871,3.484000,-0.009577
872,3.488000,0.016759
873,3.492000,0.035913
874,3.496000,-0.055067
875,3.500000,-0.011971
876,3.504000,0.014365
877,3.508000,0.011971
878,3.512000,-0.047884
879,3.516000,-0.019154
880,3.520000,-0.014365
881,3.524000,0.007183
882,3.528000,0.016759
883,3.532000,-0.035913
884,3.536000,0.016759
885,3.540000,0.000000
886,3.544000,-0.021548
887,3.548000,0.011971
888,3.552000,0.055067
889,3.556000,-0.055067
890,3.560000,0.004788
891,3.564000,0.019154
892,3.568000,0.007183
893,3.572000,0.014365
894,3.576000,0.033519
895,3.580000,0.019154
896,3.584000,-0.038307
897,3.588000,0.014365
898,3.592000,0.011971
899,3.596000,0.023942
900,3.600000,-0.047884
901,3.604000,-0.035913
902,3.608000,-0.009577
903,3.612000,-0.007183
904,3.616000,-0.004788
905,3.620000,0.033519
906,3.624000,-0.033519
907,3.628000,-0.009577
908,3.632000,0.009577
909,3.636000,-0.002394
910,3.640000,0.045490
911,3.644000,0.038307
912,3.648000,-0.019154
913,3.652000,0.009577
914,3.656000,-0.028730
915,3.660000,0.011971
916,3.664000,0.038307
917,3.668000,0.021548
918,3.672000,-0.064643
919,3.676000,-0.038307
920,3.680000,-0.009577
921,3.684000,-0.023942
922,3.688000,0.043096
923,3.692000,-0.002394
924,3.696000,-0.031125
925,3.700000,0.052672
926,3.704000,-0.067038
927,3.708000,0.014365
928,3.712000,-0.043096
929,3.716000,-0.035913
930,3.720000,0.011971
931,3.724000,0.023942
932,3.728000,-0.021548
933,3.732000,-0.016759
934,3.736000,0.016759
935,3.740000,-0.004788
936,3.744000,0.038307
937,3.748000,0.086191
938,3.752000,0.016759
939,3.756000,0.016759
940,3.760000,0.019154
941,3.764000,0.007183
942,3.768000,0.021548
943,3.772000,-0.035913
944,3.776000,0.000000
945,3.780000,-0.043096
946,3.784000,-0.021548
947,3.788000,-0.045490
948,3.792000,-0.059855
949,3.796000,0.064643
950,3.800000,-0.047884
951,3.804000,0.059855
952,3.808000,0.019154
953,3.812000,-0.007183
954,3.816000,-0.004788
955,3.820000,0.011971
956,3.824000,0.028730
957,3.828000,-0.045490
958,3.832000,0.031125
959,3.836000,-0.023942
960,3.840000,-0.002394
961,3.844000,0.016759
962,3.848000,0.004788
963,3.852000,-0.074220
964,3.856000,0.038307
965,3.860000,-0.035913
966,3.864000,0.019154
967,3.868000,0.064643
968,3.872000,-0.004788
969,3.876000,0.100556
970,3.880000,-0.009577
971,3.884000,-0.028730
972,3.888000,0.043096
973,3.892000,-0.026336
974,3.896000,0.016759
975,3.900000,-0.031125
976,3.904000,-0.016759
977,3.908000,-0.021548
978,3.912000,0.007183
979,3.916000,0.064643
980,3.920000,0.009577
981,3.924000,0.454898
982,3.928000,-1.565808
983,3.932000,0.179565
984,3.936000,0.488417
985,3.940000,-0.758962
986,3.944000,0.287304
987,3.948000,0.320823
988,3.952000,-0.234632
989,3.956000,-0.258574
990,3.960000,0.093374
991,3.964000,-0.227449
992,3.968000,0.265756
993,3.972000,0.222661
994,3.976000,-0.184354
995,3.980000,0.095768
996,3.984000,-0.009577
997,3.988000,-0.304064
998,3.992000,0.208296
999,3.996000,-0.129287
1000,4.000000,-0.387861
1001,4.004000,0.150835
1002,4.008000,-0.095768
1003,4.012000,-0.172383
1004,4.016000,0.165200
1005,4.020000,0.071826
1006,4.024000,-0.014365
1007,4.028000,0.009577
1008,4.032000,0.047884
1009,4.036000,0.002394
1010,4.040000,-0.062249
1011,4.044000,-0.134075
1012,4.048000,0.002394
1013,4.052000,-0.062249
1014,4.056000,0.079009
1015,4.060000,0.126893
1016,4.064000,0.033519
1017,4.068000,-0.050278
1018,4.072000,0.047884
1019,4.076000,-0.002394
1020,4.080000,-0.095768
1021,4.084000,0.011971
1022,4.088000,-0.057461
1023,4.092000,-0.143652
1024,4.096000,0.040701
1025,4.100000,0.031125
1026,4.104000,-0.007183
1027,4.108000,-0.076614
1028,4.112000,0.090980
1029,4.116000,0.043096
1030,4.120000,0.081403
1031,4.124000,0.043096
1032,4.128000,-0.055067
1033,4.132000,-0.057461
1034,4.136000,-0.064643
1035,4.140000,0.021548
1036,4.144000,0.021548
1037,4.148000,0.016759
1038,4.152000,0.011971
1039,4.156000,0.081403
1040,4.160000,-0.040701
1041,4.164000,0.050278
1042,4.168000,0.014365
1043,4.172000,-0.055067
1044,4.176000,0.019154
1045,4.180000,0.023942
1046,4.184000,-0.002394
1047,4.188000,-0.009577
1048,4.192000,-0.028730
1049,4.196000,0.098162
1050,4.200000,0.083797
1051,4.204000,0.026336
1052,4.208000,-0.043096
1053,4.212000,-0.014365
1054,4.216000,-0.052672
1055,4.220000,-0.009577
1056,4.224000,-0.074220
1057,4.228000,-0.011971
1058,4.232000,0.000000
1059,4.236000,0.038307
1060,4.240000,0.026336
1061,4.244000,0.033519
1062,4.248000,-0.031125
1063,4.252000,0.079009
1064,4.256000,-0.031125
1065,4.260000,-0.011971
1066,4.264000,0.011971
1067,4.268000,0.723049
1068,4.272000,0.466869
1069,4.276000,-0.821211
1070,4.280000,0.916979
1071,4.284000,0.153229
1072,4.288000,-0.445322
1073,4.292000,0.047884
1074,4.296000,0.000000
1075,4.300000,-0.335188
1076,4.304000,0.203507
1077,4.308000,-0.205901
1078,4.312000,0.210690
1079,4.316000,0.208296
1080,4.320000,-0.007183
1081,4.324000,0.172383
1082,4.328000,0.081403
1083,4.332000,-0.177171
1084,4.336000,0.100556
1085,4.340000,-0.014365
1086,4.344000,-0.239420
1087,4.348000,0.033519
1088,4.352000,-0.026336
1089,4.356000,-0.126893
1090,4.360000,0.131681
1091,4.364000,0.184354
1092,4.368000,0.023942
1093,4.372000,-0.040701
1094,4.376000,-0.021548
1095,4.380000,-0.064643
1096,4.384000,-0.026336
1097,4.388000,-0.071826
1098,4.392000,0.014365
1099,4.396000,0.007183
1100,4.400000,-0.014365
1101,4.404000,0.081403
1102,4.408000,0.105345
1103,4.412000,-0.040701
1104,4.416000,-0.011971
1105,4.420000,0.079009
1106,4.424000,-0.023942
1107,4.428000,0.004788
1108,4.432000,-0.035913
1109,4.436000,-0.040701
1110,4.440000,0.000000
1111,4.444000,-0.004788
1112,4.448000,-0.011971
1113,4.452000,0.028730
1114,4.456000,0.050278
1115,4.460000,0.009577
1116,4.464000,0.045490
1117,4.468000,0.064643
1118,4.472000,-0.014365
1119,4.476000,0.000000
1120,4.480000,-0.021548
1121,4.484000,-0.055067
1122,4.488000,-0.007183
1123,4.492000,0.000000
1124,4.496000,0.059855
1125,4.500000,-0.038307
1126,4.504000,0.033519
1127,4.508000,-0.014365
1128,4.512000,0.011971
1129,4.516000,-0.043096
1130,4.520000,0.000000
1131,4.524000,0.373495
1132,4.528000,0.311246
1133,4.532000,-0.577003
1134,4.536000,0.787692
1135,4.540000,0.057461
1136,4.544000,-0.375890
1137,4.548000,0.040701
1138,4.552000,-0.031125
1139,4.556000,-0.205901
1140,4.560000,0.102951
1141,4.564000,-0.198719
1142,4.568000,0.062249
1143,4.572000,0.114922
1144,4.576000,-0.026336
1145,4.580000,0.007183
1146,4.584000,0.035913
1147,4.588000,-0.141258
1148,4.592000,0.026336
1149,4.596000,0.026336
1150,4.600000,-0.184354
1151,4.604000,0.067038
1152,4.608000,-0.153229
1153,4.612000,-0.131681
1154,4.616000,0.098162
1155,4.620000,0.047884
1156,4.624000,0.002394
1157,4.628000,0.026336
1158,4.632000,0.009577
1159,4.636000,-0.067038
1160,4.640000,-0.033519
1161,4.644000,-0.062249
1162,4.648000,-0.081403
1163,4.652000,0.021548
1164,4.656000,0.083797
1165,4.660000,0.035913
1166,4.664000,0.028730
1167,4.668000,0.047884
1168,4.672000,0.079009
1169,4.676000,-0.019154
1170,4.680000,-0.076614
1171,4.684000,-0.031125
1172,4.688000,-0.031125
1173,4.692000,-0.076614
1174,4.696000,0.098162
1175,4.700000,-0.035913
1176,4.704000,0.011971
1177,4.708000,-0.026336
1178,4.712000,0.062249
1179,4.716000,0.067038
1180,4.720000,0.026336
1181,4.724000,0.260968
1182,4.728000,0.217872
1183,4.732000,-0.433350
1184,4.736000,0.500388
1185,4.740000,0.071826
1186,4.744000,-0.284910
1187,4.748000,0.081403
1188,4.752000,0.026336
1189,4.756000,-0.165200
1190,4.760000,0.083797
1191,4.764000,-0.086191
1192,4.768000,0.009577
1193,4.772000,0.148441
1194,4.776000,0.026336
1195,4.780000,-0.035913
1196,4.784000,0.138864
1197,4.788000,0.009577
1198,4.792000,-0.023942
1199,4.796000,0.155623
1200,4.800000,-0.093374
1201,4.804000,0.047884
1202,4.808000,0.040701
1203,4.812000,-0.074220
1204,4.816000,-0.031125
1205,4.820000,0.079009
1206,4.824000,0.014365
1207,4.828000,-0.055067
1208,4.832000,-0.004788
1209,4.836000,-0.050278
1210,4.840000,0.057461
1211,4.844000,0.011971
1212,4.848000,-0.026336
1213,4.852000,0.045490
1214,4.856000,0.004788
1215,4.860000,0.011971
1216,4.864000,0.021548
1217,4.868000,-0.033519
1218,4.872000,0.112527
1219,4.876000,0.064643
1220,4.880000,-0.105345
1221,4.884000,-0.581791
1222,4.888000,0.043096
1223,4.892000,0.090980
1224,4.896000,-0.189142
1225,4.900000,0.184354
1226,4.904000,0.021548
1227,4.908000,-0.117316
1228,4.912000,0.050278
1229,4.916000,-0.011971
1230,4.920000,-0.069432
1231,4.924000,0.136470
1232,4.928000,-0.016759
1233,4.932000,-0.064643
1234,4.936000,0.002394
1235,4.940000,-0.045490
1236,4.944000,0.074220
1237,4.948000,0.028730
1238,4.952000,-0.213084
1239,4.956000,0.016759
1240,4.960000,0.100556
1241,4.964000,-0.064643
1242,4.968000,-0.004788
1243,4.972000,0.014365
1244,4.976000,-0.004788
1245,4.980000,0.083797
1246,4.984000,-0.014365
1247,4.988000,0.023942
1248,4.992000,0.059855
1249,4.996000,0.000000
1250,5.000000,-0.040701
1251,5.004000,-0.143652
1252,5.008000,0.375890
1253,5.012000,0.363919
1254,5.016000,-0.100556
1255,5.020000,0.220267
1256,5.024000,0.011971
1257,5.028000,-0.227449
1258,5.032000,0.050278
1259,5.036000,0.074220
1260,5.040000,-0.007183
1261,5.044000,0.067038
1262,5.048000,-0.062249
1263,5.052000,0.050278
1264,5.056000,0.098162
1265,5.060000,-0.009577
1266,5.064000,-0.043096
1267,5.068000,0.071826
1268,5.072000,-0.019154
1269,5.076000,0.019154
1270,5.080000,0.093374
1271,5.084000,-0.040701
1272,5.088000,-0.002394
1273,5.092000,0.014365
1274,5.096000,-0.021548
1275,5.100000,0.067038
1276,5.104000,0.064643
1277,5.108000,0.162806
1278,5.112000,0.217872
1279,5.116000,-0.215478
1280,5.120000,0.174777
1281,5.124000,0.038307
1282,5.128000,-0.119710
1283,5.132000,0.045490
1284,5.136000,-0.011971
1285,5.140000,-0.129287
1286,5.144000,0.067038
1287,5.148000,-0.079009
1288,5.152000,0.057461
1289,5.156000,0.102951
1290,5.160000,-0.004788
1291,5.164000,-0.016759
1292,5.168000,0.050278
1293,5.172000,0.043096
1294,5.176000,-0.074220
1295,5.180000,-0.004788
1296,5.184000,-0.239420
1297,5.188000,-0.169988
1298,5.192000,0.253785
1299,5.196000,-0.035913
1300,5.200000,-0.059855
1301,5.204000,0.114922
1302,5.208000,0.028730
1303,5.212000,-0.083797
1304,5.216000,-0.050278
1305,5.220000,-0.114922
1306,5.224000,0.028730
1307,5.228000,0.035913
1308,5.232000,-0.098162
1309,5.236000,0.059855
1310,5.240000,-0.040701
1311,5.244000,0.040701
1312,5.248000,0.268151
1313,5.252000,-0.014365
1314,5.256000,-0.134075
1315,5.260000,0.100556
1316,5.264000,-0.033519
1317,5.268000,-0.045490
1318,5.272000,0.040701
1319,5.276000,0.038307
1320,5.280000,-0.043096
1321,5.284000,0.057461
1322,5.288000,-0.050278
1323,5.292000,-0.071826
1324,5.296000,0.090980
1325,5.300000,0.000000
1326,5.304000,-0.062249
1327,5.308000,0.016759
1328,5.312000,-0.064643
1329,5.316000,0.033519
1330,5.320000,-0.004788
1331,5.324000,-0.004788
1332,5.328000,-0.057461
1333,5.332000,0.057461
1334,5.336000,-0.011971
1335,5.340000,0.035913
1336,5.344000,0.035913
1337,5.348000,0.019154
1338,5.352000,-0.023942
1339,5.356000,0.050278
1340,5.360000,-0.100556
1341,5.364000,0.002394
1342,5.368000,-0.016759
1343,5.372000,-0.035913
1344,5.376000,-0.038307
1345,5.380000,0.079009
1346,5.384000,-0.026336
1347,5.388000,-0.057461
1348,5.392000,0.055067
1349,5.396000,-0.043096
1350,5.400000,-0.074220
1351,5.404000,0.074220
1352,5.408000,-0.004788
1353,5.412000,-0.023942
1354,5.416000,0.009577
1355,5.420000,0.000000
1356,5.424000,-0.004788
1357,5.428000,-0.004788
1358,5.432000,-0.011971
1359,5.436000,-0.011971
1360,5.440000,-0.033519
1361,5.444000,-0.002394
1362,5.448000,0.019154
1363,5.452000,0.007183
1364,5.456000,0.000000
1365,5.460000,0.002394
1366,5.464000,0.043096
1367,5.468000,-0.064643
1368,5.472000,-0.007183
1369,5.476000,0.009577
1370,5.480000,-0.021548
1371,5.484000,-0.016759
1372,5.488000,0.016759
1373,5.492000,0.040701
1374,5.496000,-0.023942
1375,5.500000,0.002394
1376,5.504000,-0.019154
1377,5.508000,-0.011971
1378,5.512000,0.057461
1379,5.516000,0.069432
1380,5.520000,0.028730
1381,5.524000,0.035913
1382,5.528000,0.023942
1383,5.532000,-0.014365
1384,5.536000,-0.026336
1385,5.540000,-0.004788
1386,5.544000,-0.023942
1387,5.548000,0.000000
1388,5.552000,0.045490
1389,5.556000,0.033519
1390,5.560000,0.071826
1391,5.564000,-0.019154
1392,5.568000,0.014365
1393,5.572000,0.102951
1394,5.576000,0.021548
1395,5.580000,0.019154
1396,5.584000,0.028730
1397,5.588000,-0.019154
1398,5.592000,0.045490
1399,5.596000,0.088585
1400,5.600000,-0.011971
1401,5.604000,-0.043096
1402,5.608000,0.023942
1403,5.612000,0.000000
1404,5.616000,0.026336
1405,5.620000,0.050278
1406,5.624000,-0.004788
1407,5.628000,0.043096
1408,5.632000,-0.028730
1409,5.636000,0.004788
1410,5.640000,0.090980
1411,5.644000,0.000000
1412,5.648000,0.040701
1413,5.652000,-0.007183
1414,5.656000,0.047884
1415,5.660000,0.057461
1416,5.664000,0.021548
1417,5.668000,0.019154
1418,5.672000,0.033519
1419,5.676000,-0.031125
1420,5.680000,-0.069432
1421,5.684000,-0.004788
1422,5.688000,-0.057461
1423,5.692000,0.052672
1424,5.696000,0.007183
1425,5.700000,-0.019154
1426,5.704000,0.000000
1427,5.708000,-0.047884
1428,5.712000,-0.031125
1429,5.716000,0.038307
1430,5.720000,-0.043096
1431,5.724000,-0.035913
1432,5.728000,-0.019154
1433,5.732000,-0.067038
1434,5.736000,-0.009577
1435,5.740000,0.023942
1436,5.744000,-0.028730
1437,5.748000,0.033519
1438,5.752000,0.031125
1439,5.756000,-0.035913
1440,5.760000,0.081403
1441,5.764000,-0.028730
1442,5.768000,0.026336
1443,5.772000,0.019154
1444,5.776000,0.083797
1445,5.780000,-0.045490
1446,5.784000,0.035913
1447,5.788000,0.052672
1448,5.792000,0.011971
1449,5.796000,-0.023942
1450,5.800000,-0.016759
1451,5.804000,0.007183
1452,5.808000,0.031125
1453,5.812000,-0.016759
1454,5.816000,0.059855
1455,5.820000,-0.035913
1456,5.824000,-0.033519
1457,5.828000,-0.035913
1458,5.832000,-0.007183
1459,5.836000,-0.011971
1460,5.840000,-0.028730
1461,5.844000,0.033519
1462,5.848000,0.000000
1463,5.852000,0.007183
1464,5.856000,-0.011971
1465,5.860000,0.040701
1466,5.864000,0.055067
1467,5.868000,-0.002394
1468,5.872000,-0.035913
1469,5.876000,-0.033519
1470,5.880000,-0.052672
1471,5.884000,0.007183
1472,5.888000,0.047884
1473,5.892000,-0.009577
1474,5.896000,-0.043096
1475,5.900000,-0.028730
1476,5.904000,0.002394
1477,5.908000,-0.014365
1478,5.912000,0.002394
1479,5.916000,0.007183
1480,5.920000,-0.021548
1481,5.924000,0.028730
1482,5.928000,0.057461
1483,5.932000,-0.050278
1484,5.936000,-0.028730
1485,5.940000,0.067038
1486,5.944000,0.021548
1487,5.948000,0.033519
1488,5.952000,0.019154
1489,5.956000,0.040701
1490,5.960000,0.000000
1491,5.964000,0.004788
1492,5.968000,0.038307
1493,5.972000,-0.035913
1494,5.976000,-0.064643
1495,5.980000,0.009577
1496,5.984000,-0.035913
1497,5.988000,-0.043096
1498,5.992000,0.014365
1499,5.996000,-0.016759
1500,6.000000,-0.011971
1501,6.004000,0.038307
1502,6.008000,-0.002394
1503,6.012000,0.002394
1504,6.016000,-0.057461
1505,6.020000,-0.059855
1506,6.024000,-0.055067
1507,6.028000,0.019154
1508,6.032000,0.014365
1509,6.036000,0.009577
1510,6.040000,-0.079009
1511,6.044000,-0.033519
1512,6.048000,-0.002394
1513,6.052000,0.028730
1514,6.056000,0.026336
1515,6.060000,-0.026336
1516,6.064000,0.007183
1517,6.068000,0.021548
1518,6.072000,-0.035913
1519,6.076000,0.043096
1520,6.080000,-0.011971
1521,6.084000,0.052672
1522,6.088000,0.059855
1523,6.092000,-0.007183
1524,6.096000,0.035913
1525,6.100000,0.014365
1526,6.104000,-0.062249
1527,6.108000,-0.045490
1528,6.112000,-0.040701
1529,6.116000,0.019154
1530,6.120000,0.016759
1531,6.124000,0.055067
1532,6.128000,0.011971
1533,6.132000,-0.069432
1534,6.136000,0.026336
1535,6.140000,-0.035913
1536,6.144000,-0.004788
1537,6.148000,0.014365
1538,6.152000,0.019154
1539,6.156000,-0.028730
1540,6.160000,0.021548
1541,6.164000,-0.040701
1542,6.168000,0.031125
1543,6.172000,0.052672
1544,6.176000,-0.009577
1545,6.180000,0.016759
1546,6.184000,0.014365
1547,6.188000,-0.016759
1548,6.192000,-0.043096
1549,6.196000,0.033519
1550,6.200000,-0.011971
1551,6.204000,0.033519
1552,6.208000,0.002394
1553,6.212000,-0.002394
1554,6.216000,-0.057461
1555,6.220000,0.026336
1556,6.224000,-0.057461
1557,6.228000,-0.002394
1558,6.232000,-0.062249
1559,6.236000,-0.038307
1560,6.240000,-0.004788
1561,6.244000,0.040701
1562,6.248000,0.026336
1563,6.252000,-0.014365
1564,6.256000,-0.011971
1565,6.260000,-0.028730
1566,6.264000,0.057461
1567,6.268000,0.009577
1568,6.272000,-0.002394
1569,6.276000,0.026336
1570,6.280000,0.059855
1571,6.284000,-0.055067
1572,6.288000,-0.002394
1573,6.292000,0.021548
1574,6.296000,0.002394
1575,6.300000,0.014365
1576,6.304000,-0.043096
1577,6.308000,0.004788
1578,6.312000,-0.019154
1579,6.316000,-0.033519
1580,6.320000,0.057461
1581,6.324000,0.033519
1582,6.328000,-0.009577
1583,6.332000,-0.033519
1584,6.336000,-0.035913
1585,6.340000,-0.019154
1586,6.344000,-0.016759
1587,6.348001,0.076614
1588,6.352000,0.000000
1589,6.356000,-0.045490
1590,6.360000,-0.011971
1591,6.364000,0.052672
1592,6.368000,0.026336
1593,6.372000,-0.011971
1594,6.376000,-0.016759
1595,6.380000,0.028730
1596,6.384000,0.000000
1597,6.388000,0.009577
1598,6.392000,0.045490
1599,6.396000,0.050278
1600,6.400000,-0.033519
1601,6.404000,-0.002394
1602,6.408000,-0.019154
1603,6.412000,-0.043096
1604,6.416000,0.028730
1605,6.420000,0.050278
1606,6.424000,0.026336
1607,6.428000,-0.019154
1608,6.432000,0.055067
1609,6.436000,-0.009577
1610,6.440001,0.047884
1611,6.444000,-0.007183
1612,6.448000,0.021548
1613,6.452000,-0.031125
1614,6.456000,-0.031125
1615,6.460000,0.019154
1616,6.464000,0.040701
1617,6.468000,-0.045490
1618,6.472000,0.026336
1619,6.476000,0.000000
1620,6.480000,-0.004788
1621,6.484000,0.033519
1622,6.488000,-0.009577
1623,6.492000,-0.059855
1624,6.496000,0.040701
1625,6.500000,-0.004788
1626,6.504000,0.035913
1627,6.508000,-0.009577
1628,6.512000,-0.026336
1629,6.516000,-0.021548
1630,6.520000,-0.011971
1631,6.524000,-0.019154
1632,6.528000,0.014365
1633,6.532001,-0.011971
1634,6.536000,-0.076614
1635,6.540000,-0.050278
1636,6.544000,-0.002394
1637,6.548000,0.047884
1638,6.552000,0.009577
1639,6.556000,0.019154
1640,6.560000,0.026336
1641,6.564000,-0.052672
1642,6.568000,-0.011971
1643,6.572000,0.035913
1644,6.576000,-0.014365
1645,6.580000,0.007183
1646,6.584000,0.038307
1647,6.588000,-0.014365
1648,6.592000,0.009577
1649,6.596000,-0.033519
1650,6.600000,0.052672
1651,6.604000,0.028730
1652,6.608000,0.007183
1653,6.612000,-0.014365
1654,6.616000,-0.038307
1655,6.620000,-0.033519
1656,6.624001,-0.028730
1657,6.628000,0.007183
1658,6.632000,0.002394
1659,6.636000,-0.040701
1660,6.640000,0.052672
1661,6.644001,-0.011971
1662,6.648000,-0.059855
1663,6.652000,0.038307
1664,6.656000,0.014365
1665,6.660000,0.007183
1666,6.664000,-0.038307
1667,6.668000,0.011971
1668,6.672000,0.014365
1669,6.676000,0.000000
1670,6.680000,-0.026336
1671,6.684000,0.081403
1672,6.688000,-0.028730
1673,6.692000,0.026336
1674,6.696000,-0.059855
1675,6.700000,0.033519
1676,6.704000,-0.019154
1677,6.708000,-0.007183
1678,6.712000,-0.002394
1679,6.716001,0.009577
1680,6.720000,0.002394
1681,6.724000,-0.028730
1682,6.728000,-0.038307
1683,6.732000,0.009577
1684,6.736001,0.002394
1685,6.740000,-0.002394
1686,6.744000,-0.023942
1687,6.748000,0.023942
1688,6.752000,-0.004788
1689,6.756000,0.040701
1690,6.760000,0.026336
1691,6.764000,-0.014365
1692,6.768000,-0.019154
1693,6.772000,0.004788
1694,6.776000,0.081403
1695,6.780000,0.038307
1696,6.784000,0.016759
1697,6.788000,-0.026336
1698,6.792000,0.040701
1699,6.796000,0.009577
1700,6.800000,0.031125
1701,6.804000,0.023942
1702,6.808000,0.031125
1703,6.812000,-0.038307
1704,6.816000,-0.011971
1705,6.820000,-0.016759
1706,6.824000,0.031125
1707,6.828001,-0.033519
1708,6.832000,-0.014365
1709,6.836000,0.016759
1710,6.840000,-0.033519
1711,6.844000,0.009577
1712,6.848001,0.074220
1713,6.852000,-0.009577
1714,6.856000,0.016759
1715,6.860000,-0.047884
1716,6.864000,0.055067
1717,6.868000,0.019154
1718,6.872000,-0.040701
1719,6.876000,-0.004788
1720,6.880000,0.016759
1721,6.884000,-0.011971
1722,6.888000,-0.011971
1723,6.892000,-0.023942
1724,6.896000,0.007183
1725,6.900000,0.052672
1726,6.904000,0.011971
1727,6.908000,0.004788
1728,6.912000,0.014365
1729,6.916000,0.035913
1730,6.920001,-0.004788
1731,6.924000,0.009577
1732,6.928000,0.016759
1733,6.932000,0.021548
1734,6.936000,-0.002394
1735,6.940001,0.050278
1736,6.944000,-0.047884
1737,6.948000,-0.019154
1738,6.952000,0.090980
1739,6.956000,-0.047884
1740,6.960000,-0.007183
1741,6.964000,-0.002394
1742,6.968000,-0.014365
1743,6.972000,0.031125
1744,6.976000,0.000000
1745,6.980000,0.002394
1746,6.984000,0.023942
1747,6.988000,0.021548
1748,6.992000,-0.004788
1749,6.996000,-0.021548
1750,7.000000,-0.064643
1751,7.004000,0.016759
1752,7.008000,0.026336
1753,7.012001,0.026336
1754,7.016000,-0.035913
1755,7.020000,0.047884
1756,7.024000,0.059855
1757,7.028000,-0.028730
1758,7.032001,-0.004788
1759,7.036000,0.000000
1760,7.040000,0.059855
1761,7.044000,-0.016759
1762,7.048000,-0.050278
1763,7.052000,0.081403
1764,7.056000,-0.033519
1765,7.060000,-0.079009
1766,7.064000,0.014365
1767,7.068000,-0.040701
1768,7.072000,-0.028730
1769,7.076000,-0.069432
1770,7.080000,-0.035913
1771,7.084000,0.035913
1772,7.088000,0.026336
1773,7.092000,-0.002394
1774,7.096000,0.057461
1775,7.100000,0.004788
1776,7.104001,-0.026336
1777,7.108000,0.057461
1778,7.112000,0.035913
1779,7.116000,0.000000
1780,7.120000,-0.035913
1781,7.124001,-0.014365
1782,7.128000,-0.040701
1783,7.132000,0.002394
1784,7.136000,-0.055067
1785,7.140000,0.035913
1786,7.144001,0.016759
1787,7.148000,-0.004788
1788,7.152000,-0.014365
1789,7.156000,-0.083797
1790,7.160000,0.076614
1791,7.164000,-0.033519
1792,7.168000,0.057461
1793,7.172000,0.088585
1794,7.176000,-0.004788
1795,7.180000,0.047884
1796,7.184000,0.026336
1797,7.188000,0.105345
1798,7.192000,0.011971
1799,7.196001,-0.038307
1800,7.200000,0.043096
1801,7.204000,-0.026336
1802,7.208000,0.014365
1803,7.212000,-0.002394
1804,7.216001,-0.004788
1805,7.220000,0.055067
1806,7.224000,0.023942
1807,7.228000,0.040701
1808,7.232000,-0.019154
1809,7.236001,0.000000
1810,7.240000,0.007183
1811,7.244000,-0.014365
1812,7.248000,-0.043096
1813,7.252000,0.090980
1814,7.256000,-0.007183
1815,7.260000,0.014365
1816,7.264000,0.033519
1817,7.268000,0.000000
1818,7.272000,-0.014365
1819,7.276000,0.014365
1820,7.280000,-0.011971
1821,7.284000,0.047884
1822,7.288001,0.019154
1823,7.292000,-0.052672
1824,7.296000,0.004788
1825,7.300000,-0.074220
1826,7.304000,0.057461
1827,7.308001,-0.069432
1828,7.312000,0.016759
1829,7.316000,0.023942
1830,7.320000,0.009577
1831,7.324000,-0.026336
1832,7.328001,-0.062249
1833,7.332000,0.011971
1834,7.336000,-0.026336
1835,7.340000,0.009577
1836,7.344000,-0.038307
1837,7.348001,-0.007183
1838,7.352000,0.021548
1839,7.356000,-0.004788
1840,7.360000,0.021548
1841,7.364000,-0.038307
1842,7.368000,-0.009577
1843,7.372000,0.031125
1844,7.376000,-0.023942
1845,7.380000,-0.004788
1846,7.384000,0.055067
1847,7.388000,0.000000
1848,7.392000,-0.009577
1849,7.396000,-0.002394
1850,7.400001,0.052672
1851,7.404000,-0.055067
1852,7.408000,-0.052672
1853,7.412000,-0.011971
1854,7.416000,0.004788
1855,7.420001,-0.035913
1856,7.424000,-0.043096
1857,7.428000,0.002394
1858,7.432000,0.023942
1859,7.436000,0.002394
1860,7.440001,0.062249
1861,7.444000,0.134075
1862,7.448000,0.028730
1863,7.452000,0.028730
1864,7.456000,-0.016759
1865,7.460000,0.043096
1866,7.464000,0.043096
1867,7.468000,0.047884
1868,7.472000,-0.028730
1869,7.476000,0.007183
1870,7.480000,0.031125
1871,7.484000,0.026336
1872,7.488000,0.026336
1873,7.492001,0.047884
1874,7.496000,0.023942
1875,7.500000,-0.038307
1876,7.504000,0.026336
1877,7.508000,-0.009577
1878,7.512001,-0.011971
1879,7.516000,0.033519
1880,7.520000,-0.031125
1881,7.524000,0.000000
1882,7.528000,0.021548
1883,7.532001,0.033519
1884,7.536000,0.009577
1885,7.540000,0.086191
1886,7.544000,0.004788
1887,7.548000,0.040701
1888,7.552000,-0.055067
1889,7.556000,0.004788
1890,7.560000,0.011971
1891,7.564000,0.011971
1892,7.568000,0.031125
1893,7.572000,-0.009577
1894,7.576000,-0.050278
1895,7.580000,0.074220
1896,7.584001,0.004788
1897,7.588000,-0.035913
1898,7.592000,0.040701
1899,7.596000,-0.040701
1900,7.600000,0.014365
1901,7.604001,-0.016759
1902,7.608000,-0.016759
1903,7.612000,0.007183
1904,7.616000,-0.004788
1905,7.620000,-0.016759
1906,7.624001,0.028730
1907,7.628000,-0.038307
1908,7.632000,0.002394
1909,7.636000,-0.004788
1910,7.640000,-0.040701
1911,7.644001,0.021548
1912,7.648000,0.011971
1913,7.652000,0.074220
1914,7.656000,0.004788
1915,7.660000,0.064643
1916,7.664000,0.028730
1917,7.668000,0.014365
1918,7.672000,0.045490
1919,7.676001,-0.011971
1920,7.680000,0.002394
1921,7.684000,-0.014365
1922,7.688000,-0.033519
1923,7.692000,0.052672
1924,7.696001,0.004788
1925,7.700000,0.019154
1926,7.704000,0.002394
1927,7.708000,-0.040701
1928,7.712000,0.000000
1929,7.716001,0.004788
1930,7.720000,-0.002394
1931,7.724000,-0.040701
1932,7.728000,0.023942
1933,7.732000,0.059855
1934,7.736001,-0.011971
1935,7.740000,-0.026336
1936,7.744000,0.033519
1937,7.748000,0.064643
1938,7.752000,0.033519
1939,7.756000,-0.023942
1940,7.760000,0.045490
1941,7.764000,-0.055067
1942,7.768001,0.028730
1943,7.772000,0.052672
1944,7.776000,0.031125
1945,7.780000,0.035913
1946,7.784000,0.050278
1947,7.788001,-0.047884
1948,7.792000,-0.067038
1949,7.796000,-0.004788
1950,7.800000,0.055067
1951,7.804000,-0.055067
1952,7.808001,0.045490
1953,7.812000,0.009577
1954,7.816000,-0.105345
1955,7.820000,0.004788
1956,7.824000,0.016759
1957,7.828001,0.050278
1958,7.832000,-0.043096
1959,7.836000,0.004788
1960,7.840000,-0.050278
1961,7.844000,0.033519
1962,7.848001,0.040701
1963,7.852000,-0.035913
1964,7.856000,0.021548
1965,7.860001,0.002394
1966,7.864000,0.021548
1967,7.868000,0.019154
1968,7.872000,0.033519
1969,7.876000,0.043096
1970,7.880001,-0.035913
1971,7.884000,-0.009577
1972,7.888000,0.031125
1973,7.892000,0.045490
1974,7.896000,0.026336
1975,7.900001,-0.007183
1976,7.904000,0.055067
1977,7.908000,0.035913
1978,7.912000,-0.002394
1979,7.916000,0.043096
1980,7.920001,0.043096
1981,7.924000,0.033519
1982,7.928000,0.007183
1983,7.932000,0.004788
1984,7.936000,0.069432
1985,7.940001,0.002394
1986,7.944000,0.023942
1987,7.948000,0.014365
1988,7.952000,-0.028730
1989,7.956000,0.035913
1990,7.960000,-0.023942
1991,7.964000,0.026336
1992,7.968000,-0.019154
1993,7.972001,-0.023942
1994,7.976000,0.031125
1995,7.980000,0.021548
1996,7.984000,0.055067
1997,7.988000,0.011971
1998,7.992001,0.028730
1999,7.996000,-0.031125
2000,8.000000,-0.002394
2001,8.004001,-0.011971
2002,8.008001,0.000000
2003,8.012001,-0.035913
2004,8.016001,-0.004788
2005,8.020001,0.038307
2006,8.024001,0.000000
2007,8.028001,-0.050278
2008,8.032001,-0.040701
2009,8.036001,-0.035913
2010,8.040000,-0.002394
2011,8.044001,-0.043096
2012,8.048001,0.021548
2013,8.052000,-0.028730
2014,8.056001,0.026336
2015,8.060001,-0.035913
2016,8.064001,0.069432
2017,8.068001,0.035913
2018,8.072001,0.059855
2019,8.076001,0.059855
2020,8.080000,-0.031125
2021,8.084001,0.016759
2022,8.088001,0.023942
2023,8.092000,0.009577
2024,8.096001,0.050278
2025,8.100001,-0.021548
2026,8.104001,-0.023942
2027,8.108001,-0.035913
2028,8.112001,-0.007183
2029,8.116001,0.043096
2030,8.120001,0.014365
2031,8.124001,-0.045490
2032,8.128001,0.016759
2033,8.132000,-0.050278
2034,8.136001,0.021548
2035,8.140001,0.000000
2036,8.144001,0.043096
2037,8.148001,-0.014365
2038,8.152001,0.019154
2039,8.156001,0.000000
2040,8.160001,-0.021548
2041,8.164001,0.007183
2042,8.168001,-0.040701
2043,8.172000,0.035913
2044,8.176001,-0.038307
2045,8.180001,-0.031125
2046,8.184000,0.009577
2047,8.188001,-0.014365
2048,8.192001,0.055067
2049,8.196001,-0.031125
2050,8.200001,-0.045490
2051,8.204001,0.038307
2052,8.208001,0.004788
2053,8.212001,-0.019154
2054,8.216001,0.086191
2055,8.220001,-0.011971
2056,8.224000,-0.076614
2057,8.228001,-0.026336
2058,8.232001,0.028730
2059,8.236001,0.009577
2060,8.240001,0.009577
2061,8.244001,-0.016759
2062,8.248001,-0.031125
2063,8.252001,0.000000
2064,8.256001,0.026336
2065,8.260001,-0.009577
2066,8.264000,0.028730
2067,8.268001,-0.038307
2068,8.272001,0.002394
2069,8.276000,-0.002394
2070,8.280001,-0.026336
2071,8.284001,-0.047884
2072,8.288001,-0.019154
2073,8.292001,-0.021548
2074,8.296001,0.007183
2075,8.300001,-0.011971
2076,8.304001,0.007183
2077,8.308001,0.050278
2078,8.312001,-0.028730
2079,8.316000,0.019154
2080,8.320001,0.007183
2081,8.324001,0.019154
2082,8.328001,-0.028730
2083,8.332001,0.016759
2084,8.336001,0.000000
2085,8.340001,0.031125
2086,8.344001,0.028730
2087,8.348001,-0.016759
2088,8.352001,0.038307
2089,8.356000,0.038307
2090,8.360001,-0.019154
2091,8.364001,-0.050278
2092,8.368000,0.019154
2093,8.372001,-0.011971
2094,8.376001,-0.007183
2095,8.380001,0.045490
2096,8.384001,-0.016759
2097,8.388001,-0.038307
2098,8.392001,0.031125
2099,8.396001,0.000000
2100,8.400001,0.055067
2101,8.404001,0.007183
2102,8.408000,0.009577
2103,8.412001,0.079009
2104,8.416001,0.011971
2105,8.420001,-0.043096
2106,8.424001,-0.021548
2107,8.428001,0.011971
2108,8.432001,0.014365
2109,8.436001,0.086191
2110,8.440001,0.038307
2111,8.444001,-0.069432
2112,8.448000,0.035913
2113,8.452001,-0.040701
2114,8.456001,-0.052672
2115,8.460000,0.074220
2116,8.464001,-0.031125
2117,8.468001,0.016759
2118,8.472001,0.016759
2119,8.476001,0.023942
2120,8.480001,0.035913
2121,8.484001,0.040701
2122,8.488001,-0.071826
2123,8.492001,0.059855
2124,8.496001,0.076614
2125,8.500000,-0.016759
2126,8.504001,0.011971
2127,8.508001,-0.033519
2128,8.512001,-0.045490
2129,8.516001,0.004788
2130,8.520001,-0.062249
2131,8.524001,0.023942
2132,8.528001,0.033519
2133,8.532001,0.045490
2134,8.536001,-0.021548
2135,8.540000,-0.021548
2136,8.544001,0.009577
2137,8.548001,0.033519
2138,8.552000,0.016759
2139,8.556001,-0.035913
2140,8.560001,-0.014365
2141,8.564001,-0.019154
2142,8.568001,0.055067
2143,8.572001,0.093374
2144,8.576001,0.011971
2145,8.580001,0.038307
2146,8.584001,-0.038307
2147,8.588001,-0.007183
2148,8.592000,-0.071826
2149,8.596001,0.011971
2150,8.600001,0.019154
2151,8.604001,-0.016759
2152,8.608001,-0.095768
2153,8.612001,0.043096
2154,8.616001,0.019154
2155,8.620001,-0.031125
2156,8.624001,0.007183
2157,8.628001,-0.007183
2158,8.632000,0.067038
2159,8.636001,-0.021548
2160,8.640001,-0.045490
2161,8.644001,0.019154
2162,8.648001,-0.028730
2163,8.652001,0.014365
2164,8.656001,0.028730
2165,8.660001,0.031125
2166,8.664001,-0.007183
2167,8.668001,-0.050278
2168,8.672001,-0.026336
2169,8.676001,-0.059855
2170,8.680001,-0.021548
2171,8.684000,-0.019154
2172,8.688001,0.016759
2173,8.692001,-0.081403
2174,8.696001,0.083797
2175,8.700001,-0.023942
2176,8.704001,-0.009577
2177,8.708001,0.014365
2178,8.712001,0.000000
2179,8.716001,0.028730
2180,8.720001,0.028730
2181,8.724000,-0.009577
2182,8.728001,0.011971
2183,8.732001,-0.016759
2184,8.736001,0.045490
2185,8.740001,0.009577
2186,8.744001,-0.023942
2187,8.748001,-0.064643
2188,8.752001,0.047884
2189,8.756001,-0.023942
2190,8.760001,0.002394
2191,8.764001,-0.052672
2192,8.768001,-0.002394
2193,8.772001,0.071826
2194,8.776000,-0.002394
2195,8.780001,-0.007183
2196,8.784001,0.050278
2197,8.788001,0.031125
2198,8.792001,-0.105345
2199,8.796001,0.071826
2200,8.800001,0.011971
2201,8.804001,0.031125
2202,8.808001,0.000000
2203,8.812001,-0.014365
2204,8.816000,-0.009577
2205,8.820001,-0.016759
2206,8.824001,-0.026336
2207,8.828001,0.031125
2208,8.832001,-0.014365
2209,8.836001,0.038307
2210,8.840001,-0.007183
2211,8.844001,0.009577
2212,8.848001,0.028730
2213,8.852001,-0.021548
2214,8.856000,-0.023942
2215,8.860001,-0.045490
2216,8.864001,0.038307
2217,8.868000,0.028730
2218,8.872001,0.028730
2219,8.876001,0.016759
2220,8.880001,0.119710
2221,8.884001,-0.009577
2222,8.888001,0.040701
2223,8.892001,0.019154
2224,8.896001,0.014365
2225,8.900001,0.007183
2226,8.904001,0.011971
2227,8.908000,0.019154
2228,8.912001,-0.007183
2229,8.916001,-0.043096
2230,8.920001,0.038307
2231,8.924001,-0.016759
2232,8.928001,-0.023942
2233,8.932001,-0.016759
2234,8.936001,0.050278
2235,8.940001,-0.069432
2236,8.944001,-0.040701
2237,8.948000,0.007183
2238,8.952001,-0.019154
2239,8.956001,0.052672
2240,8.960000,0.059855
2241,8.964001,0.023942
2242,8.968001,0.021548
2243,8.972001,-0.023942
2244,8.976001,0.002394
2245,8.980001,0.047884
2246,8.984001,-0.031125
2247,8.988001,0.021548
2248,8.992001,0.009577
2249,8.996001,-0.016759
2250,9.000000,0.031125
2251,9.004001,-0.009577
2252,9.008001,0.047884
2253,9.012001,0.021548
2254,9.016001,-0.026336
2255,9.020001,0.004788
2256,9.024001,-0.011971
2257,9.028001,-0.007183
2258,9.032001,-0.076614
2259,9.036001,0.050278
2260,9.040000,0.011971
2261,9.044001,0.021548
2262,9.048001,0.019154
2263,9.052000,-0.035913
2264,9.056001,0.047884
2265,9.060001,0.002394
2266,9.064001,0.014365
2267,9.068001,0.031125
2268,9.072001,0.088585
2269,9.076001,0.052672
2270,9.080001,0.038307
2271,9.084001,-0.009577
2272,9.088001,0.019154
2273,9.092000,0.026336
2274,9.096001,-0.033519
2275,9.100001,0.009577
2276,9.104001,0.016759
2277,9.108001,0.083797
2278,9.112001,0.014365
2279,9.116001,0.007183
2280,9.120001,-0.016759
2281,9.124001,-0.002394
2282,9.128001,0.033519
2283,9.132000,0.023942
2284,9.136001,0.067038
2285,9.140001,-0.019154
2286,9.144001,0.083797
2287,9.148001,0.011971
2288,9.152001,-0.007183
2289,9.156001,0.000000
2290,9.160001,0.038307
2291,9.164001,-0.014365
2292,9.168001,-0.007183
2293,9.172001,-0.002394
2294,9.176001,0.081403
2295,9.180001,0.055067
2296,9.184000,0.007183
2297,9.188001,-0.043096
2298,9.192001,-0.043096
2299,9.196001,-0.004788
2300,9.200001,0.004788
2301,9.204001,0.038307
2302,9.208001,-0.021548
2303,9.212001,0.088585
2304,9.216001,0.098162
2305,9.220001,0.014365
2306,9.224000,0.057461
2307,9.228001,0.007183
2308,9.232001,0.023942
2309,9.236001,0.016759
2310,9.240001,-0.026336
2311,9.244001,-0.016759
2312,9.248001,0.035913
2313,9.252001,0.016759
2314,9.256001,0.043096
2315,9.260001,-0.026336
2316,9.264001,-0.059855
2317,9.268001,0.014365
2318,9.272001,-0.045490
2319,9.276000,-0.014365
2320,9.280001,-0.035913
2321,9.284001,-0.016759
2322,9.288001,0.023942
2323,9.292001,0.081403
2324,9.296001,0.002394
2325,9.300001,-0.043096
2326,9.304001,0.007183
2327,9.308001,-0.057461
2328,9.312001,0.000000
2329,9.316000,-0.014365
2330,9.320001,0.035913
2331,9.324001,-0.009577
2332,9.328001,-0.002394
2333,9.332001,0.014365
2334,9.336001,0.007183
2335,9.340001,-0.016759
2336,9.344001,0.007183
2337,9.348001,0.009577
2338,9.352001,0.043096
2339,9.356001,0.045490
2340,9.360001,-0.033519
2341,9.364001,0.016759
2342,9.368000,0.035913
2343,9.372001,-0.021548
2344,9.376001,0.002394
2345,9.380001,0.050278
2346,9.384001,0.014365
2347,9.388001,-0.011971
2348,9.392001,-0.011971
2349,9.396001,-0.035913
2350,9.400001,0.007183
2351,9.404001,-0.047884
2352,9.408000,0.033519
2353,9.412001,0.035913
2354,9.416001,0.033519
2355,9.420001,-0.002394
2356,9.424001,0.011971
2357,9.428001,-0.007183
2358,9.432001,-0.028730
2359,9.436001,0.026336
2360,9.440001,-0.021548
2361,9.444001,0.035913
2362,9.448001,0.031125
2363,9.452001,0.009577
2364,9.456001,-0.011971
2365,9.460000,0.000000
2366,9.464001,0.105345
2367,9.468001,-0.009577
2368,9.472001,0.055067
2369,9.476001,-0.028730
2370,9.480001,0.002394
2371,9.484001,0.019154
2372,9.488001,-0.019154
2373,9.492001,0.040701
2374,9.496001,0.028730
2375,9.500000,-0.043096
2376,9.504001,0.002394
2377,9.508001,-0.011971
2378,9.512001,-0.035913
2379,9.516001,0.002394
2380,9.520001,0.028730
2381,9.524001,-0.067038
2382,9.528001,0.028730
2383,9.532001,0.031125
2384,9.536001,-0.040701
2385,9.540001,-0.043096
2386,9.544001,0.007183
2387,9.548001,0.069432
2388,9.552000,0.059855
2389,9.556001,0.002394
2390,9.560001,0.004788
2391,9.564001,0.011971
2392,9.568001,-0.043096
2393,9.572001,0.028730
2394,9.576001,0.038307
2395,9.580001,-0.002394
2396,9.584001,0.014365
2397,9.588001,-0.014365
2398,9.592000,-0.055067
2399,9.596001,0.016759
2400,9.600001,-0.011971
2401,9.604001,0.028730
2402,9.608001,-0.093374
2403,9.612001,0.057461
2404,9.616001,-0.021548
2405,9.620001,-0.026336
2406,9.624001,-0.064643
2407,9.628001,-0.004788
2408,9.632001,0.011971
2409,9.636001,-0.052672
2410,9.640001,0.028730
2411,9.644001,0.038307
2412,9.648001,-0.028730
2413,9.652001,0.007183
2414,9.656001,-0.021548
2415,9.660001,-0.016759
2416,9.664001,0.033519
2417,9.668001,0.031125
2418,9.672001,-0.023942
2419,9.676001,-0.009577
2420,9.680001,0.033519
2421,9.684000,0.007183
2422,9.688001,-0.062249
2423,9.692001,-0.043096
2424,9.696001,-0.014365
2425,9.700001,-0.040701
2426,9.704001,0.016759
2427,9.708001,-0.002394
2428,9.712001,-0.019154
2429,9.716001,-0.043096
2430,9.720001,0.033519
2431,9.724001,-0.052672
2432,9.728001,-0.040701
2433,9.732001,0.021548
2434,9.736001,0.028730
2435,9.740001,0.014365
2436,9.744001,-0.011971
2437,9.748001,0.083797
2438,9.752001,0.047884
2439,9.756001,0.050278
2440,9.760001,-0.002394
2441,9.764001,0.028730
2442,9.768001,0.031125
2443,9.772001,-0.067038
2444,9.776000,-0.045490
2445,9.780001,0.028730
2446,9.784001,0.026336
2447,9.788001,-0.021548
2448,9.792001,0.035913
2449,9.796001,0.016759
2450,9.800001,-0.007183
2451,9.804001,0.047884
2452,9.808001,0.011971
2453,9.812001,0.088585
2454,9.816001,0.026336
2455,9.820001,-0.009577
2456,9.824001,-0.004788
2457,9.828001,-0.023942
2458,9.832001,0.057461
2459,9.836001,-0.019154
2460,9.840001,0.079009
2461,9.844001,0.007183
2462,9.848001,0.023942
2463,9.852001,-0.011971
2464,9.856001,-0.064643
2465,9.860001,0.014365
2466,9.864001,0.064643
2467,9.868000,0.007183
2468,9.872001,0.004788
2469,9.876001,-0.009577
2470,9.880001,-0.055067
2471,9.884001,-0.014365
2472,9.888001,0.000000
2473,9.892001,0.002394
2474,9.896001,-0.007183
2475,9.900001,-0.002394
2476,9.904001,-0.050278
2477,9.908001,0.026336
2478,9.912001,-0.083797
2479,9.916001,0.062249
2480,9.920001,0.016759
2481,9.924001,-0.035913
2482,9.928001,0.040701
2483,9.932001,-0.028730
2484,9.936001,-0.014365
2485,9.940001,-0.057461
2486,9.944001,-0.026336
2487,9.948001,-0.047884
2488,9.952001,0.016759
2489,9.956001,0.019154
2490,9.960000,-0.028730
2491,9.964001,-0.047884
2492,9.968001,0.011971
2493,9.972001,0.000000
2494,9.976001,-0.004788
2495,9.980001,0.028730
2496,9.984001,-0.011971
2497,9.988001,0.064643
2498,9.992001,-0.009577
2499,9.996001,0.026336
2500,10.000000,-0.031125
2501,10.004001,-0.052672
2502,10.008001,-0.004788
2503,10.012001,-0.028730
2504,10.016001,0.000000
2505,10.020001,0.047884
2506,10.024001,-0.019154
2507,10.028001,0.000000
2508,10.032001,-0.014365
2509,10.036001,-0.026336
2510,10.040001,-0.002394
2511,10.044001,0.035913
2512,10.048001,-0.014365
2513,10.052000,0.035913
2514,10.056001,0.026336
2515,10.060001,0.014365
2516,10.064001,-0.016759
2517,10.068001,-0.043096
2518,10.072001,-0.057461
2519,10.076001,-0.004788
2520,10.080001,0.007183
2521,10.084001,0.047884
2522,10.088001,0.026336
2523,10.092000,-0.002394
2524,10.096001,-0.074220
2525,10.100001,-0.045490
2526,10.104001,-0.014365
2527,10.108001,0.059855
2528,10.112001,0.009577
2529,10.116001,0.019154
2530,10.120001,-0.016759
2531,10.124001,0.050278
2532,10.128001,0.069432
2533,10.132001,-0.009577
2534,10.136001,-0.031125
2535,10.140001,0.023942
2536,10.144001,0.047884
2537,10.148001,-0.021548
2538,10.152001,0.019154
2539,10.156001,0.014365
2540,10.160001,0.050278
2541,10.164001,-0.014365
2542,10.168001,0.011971
2543,10.172001,-0.052672
2544,10.176001,0.040701
2545,10.180001,-0.009577
2546,10.184000,0.086191
2547,10.188001,-0.047884
2548,10.192001,-0.047884
2549,10.196001,0.002394
2550,10.200001,0.009577
2551,10.204001,0.045490
2552,10.208001,0.028730
2553,10.212001,-0.002394
2554,10.216001,0.011971
2555,10.220001,0.033519
2556,10.224001,0.011971
2557,10.228001,-0.062249
2558,10.232001,0.079009
2559,10.236001,-0.002394
2560,10.240001,0.035913
2561,10.244001,0.062249
2562,10.248001,-0.035913
2563,10.252001,0.004788
2564,10.256001,-0.033519
2565,10.260001,0.009577
2566,10.264001,0.028730
2567,10.268001,0.040701
2568,10.272001,0.035913
2569,10.276000,-0.026336
2570,10.280001,-0.040701
2571,10.284001,0.016759
2572,10.288001,0.021548
2573,10.292001,0.016759
2574,10.296001,-0.004788
2575,10.300001,-0.059855
2576,10.304001,-0.007183
2577,10.308001,0.055067
2578,10.312001,0.107739
2579,10.316001,-0.083797
2580,10.320001,-0.011971
2581,10.324001,-0.002394
2582,10.328001,-0.023942
2583,10.332001,-0.117316
2584,10.336001,0.035913
2585,10.340001,-0.002394
2586,10.344001,0.002394
2587,10.348001,-0.019154
2588,10.352001,-0.009577
2589,10.356001,-0.038307
2590,10.360001,-0.002394
2591,10.364001,0.011971
2592,10.368000,-0.011971
2593,10.372001,0.004788
2594,10.376001,0.064643
2595,10.380001,-0.004788
2596,10.384001,-0.033519
2597,10.388001,-0.011971
2598,10.392001,0.043096
2599,10.396001,0.000000
2600,10.400001,-0.009577
2601,10.404001,-0.059855
2602,10.408001,-0.038307
2603,10.412001,0.031125
2604,10.416001,0.023942
2605,10.420001,0.040701
2606,10.424001,0.021548
2607,10.428001,0.002394
2608,10.432001,0.014365
2609,10.436001,-0.028730
2610,10.440001,0.014365
2611,10.444001,0.016759
2612,10.448001,-0.043096
2613,10.452001,0.007183
2614,10.456001,0.023942
2615,10.460000,-0.004788
2616,10.464001,-0.023942
2617,10.468001,0.023942
2618,10.472001,0.033519
2619,10.476001,-0.011971
2620,10.480001,-0.040701
2621,10.484001,0.026336
2622,10.488001,-0.009577
2623,10.492001,-0.031125
2624,10.496001,-0.021548
2625,10.500001,0.000000
2626,10.504001,-0.002394
2627,10.508001,-0.028730
2628,10.512001,0.038307
2629,10.516001,0.040701
2630,10.520001,-0.004788
2631,10.524001,-0.007183
2632,10.528001,0.004788
2633,10.532001,0.023942
2634,10.536001,-0.007183
2635,10.540001,-0.031125
2636,10.544001,0.002394
2637,10.548001,-0.031125
2638,10.552000,0.055067
2639,10.556001,0.040701
2640,10.560001,0.011971
2641,10.564001,-0.033519
2642,10.568001,0.023942
2643,10.572001,-0.016759
2644,10.576001,0.045490
2645,10.580001,-0.004788
2646,10.584001,0.014365
